-- phpMyAdmin SQL Dump
-- version 5.2.1
-- https://www.phpmyadmin.net/
--
-- Host: 127.0.0.1
-- Generation Time: Jun 08, 2025 at 08:11 PM
-- Server version: 10.4.32-MariaDB
-- PHP Version: 8.2.12

SET SQL_MODE = "NO_AUTO_VALUE_ON_ZERO";
START TRANSACTION;
SET time_zone = "+00:00";


/*!40101 SET @OLD_CHARACTER_SET_CLIENT=@@CHARACTER_SET_CLIENT */;
/*!40101 SET @OLD_CHARACTER_SET_RESULTS=@@CHARACTER_SET_RESULTS */;
/*!40101 SET @OLD_COLLATION_CONNECTION=@@COLLATION_CONNECTION */;
/*!40101 SET NAMES utf8mb4 */;

--
-- Database: `pascal`
--

-- --------------------------------------------------------

--
-- Table structure for table `activity_logs`
--

CREATE TABLE `activity_logs` (
  `id` int(11) NOT NULL,
  `user_id` int(11) NOT NULL,
  `user_type` enum('Admin','User') NOT NULL,
  `action` varchar(255) NOT NULL,
  `details` text DEFAULT NULL,
  `created_at` timestamp NOT NULL DEFAULT current_timestamp()
) ENGINE=InnoDB DEFAULT CHARSET=utf8mb4 COLLATE=utf8mb4_general_ci;

--
-- Dumping data for table `activity_logs`
--

INSERT INTO `activity_logs` (`id`, `user_id`, `user_type`, `action`, `details`, `created_at`) VALUES
(35, 2, '', 'Registered', 'Registered', '2024-12-07 09:32:20'),
(36, 2, '', 'Registered', 'Registered', '2024-12-07 09:36:00'),
(37, 2, '', 'Registered', 'Registered', '2024-12-07 11:47:29'),
(38, 2, '', 'Registered', 'Registered', '2024-12-08 05:44:22'),
(39, 2, '', 'Registered', 'Registered', '2024-12-08 05:49:34'),
(40, 2, '', 'Registered', 'Registered', '2024-12-08 05:55:28'),
(41, 2, '', 'Logged in', 'Logged in', '2024-12-08 10:55:50'),
(42, 2, '', 'Logged in', 'Logged in', '2024-12-08 10:56:16'),
(43, 2, '', 'Logged in', 'Logged in', '2024-12-08 10:56:28'),
(44, 2, '', 'Logged in', 'Logged in', '2024-12-08 10:58:06'),
(45, 1, 'Admin', 'Logged in', 'Logged in', '2024-12-08 11:01:18'),
(46, 1, 'Admin', 'Logged in', 'Logged in', '2024-12-08 11:03:32'),
(47, 1, 'Admin', 'Logged in', 'Logged in', '2024-12-08 11:05:02'),
(48, 1, 'Admin', 'Logged in', 'Logged in', '2024-12-08 11:05:35'),
(49, 1, 'Admin', 'Logged in', 'Logged in', '2024-12-08 11:06:25'),
(50, 1, 'Admin', 'Logged in via Remember Me', 'Logged in via Remember Me', '2024-12-08 11:13:30'),
(51, 1, 'Admin', 'Logged in via Remember Me', 'Logged in via Remember Me', '2024-12-08 13:42:15'),
(52, 1, 'Admin', 'Logged in via Remember Me', 'Logged in via Remember Me', '2024-12-08 13:42:20'),
(53, 1, 'Admin', 'Logged in via Remember Me', 'Logged in via Remember Me', '2024-12-08 13:42:42'),
(54, 1, 'Admin', 'Logged in via Remember Me', 'Logged in via Remember Me', '2024-12-08 13:43:12'),
(55, 1, 'Admin', 'Logged in via Remember Me', 'Logged in via Remember Me', '2024-12-08 13:58:17'),
(56, 1, 'Admin', 'Logged in via Remember Me', 'Logged in via Remember Me', '2024-12-08 13:58:21'),
(57, 1, 'Admin', 'Logged in via Remember Me', 'Logged in via Remember Me', '2024-12-08 13:58:25'),
(58, 1, 'Admin', 'Logged in via Remember Me', 'Logged in via Remember Me', '2024-12-08 13:59:22'),
(59, 1, 'Admin', 'Logged in via Remember Me', 'Logged in via Remember Me', '2024-12-08 13:59:26'),
(60, 1, 'Admin', 'Logged in via Remember Me', 'Logged in via Remember Me', '2024-12-08 14:00:38'),
(61, 1, 'Admin', 'Logged in via Remember Me', 'Logged in via Remember Me', '2024-12-08 14:00:48'),
(62, 1, 'Admin', 'Logged in via Remember Me', 'Logged in via Remember Me', '2024-12-08 14:02:01'),
(63, 1, 'Admin', 'Logged in via Remember Me', 'Logged in via Remember Me', '2024-12-08 14:02:05'),
(64, 1, 'Admin', 'Logged in via Remember Me', 'Logged in via Remember Me', '2024-12-08 14:02:10'),
(65, 1, 'Admin', 'Logged in via Remember Me', 'Logged in via Remember Me', '2024-12-08 14:02:29'),
(66, 1, 'Admin', 'Logged in via Remember Me', 'Logged in via Remember Me', '2024-12-08 14:02:31'),
(67, 1, 'Admin', 'Logged in via Remember Me', 'Logged in via Remember Me', '2024-12-08 14:02:44'),
(68, 1, 'Admin', 'Logged in', 'Logged in', '2024-12-08 14:02:50'),
(69, 1, 'Admin', 'Logged in via Remember Me', 'Logged in via Remember Me', '2024-12-08 14:02:56'),
(70, 1, 'Admin', 'Logged in via Remember Me', 'Logged in via Remember Me', '2024-12-08 14:03:22'),
(71, 1, 'Admin', 'Logged in', 'Logged in', '2024-12-08 14:03:26'),
(72, 1, 'Admin', 'Logged in via Remember Me', 'Logged in via Remember Me', '2024-12-08 14:06:32'),
(73, 1, 'Admin', 'Logged in', 'Logged in', '2024-12-08 14:06:40'),
(74, 1, 'Admin', 'Logged in via Remember Me', 'Logged in via Remember Me', '2024-12-08 14:07:14'),
(75, 1, 'Admin', 'Logged in', 'Logged in', '2024-12-08 14:07:16'),
(76, 1, 'Admin', 'Logged in via Remember Me', 'Logged in via Remember Me', '2024-12-08 14:12:25'),
(77, 1, 'Admin', 'Logged in', 'Logged in', '2024-12-08 14:12:30'),
(78, 1, 'Admin', 'Logged in via Remember Me', 'Logged in via Remember Me', '2024-12-08 14:12:36'),
(79, 1, 'Admin', 'Logged in', 'Logged in', '2024-12-08 14:12:50'),
(80, 1, 'Admin', 'Logged in via Remember Me', 'Logged in via Remember Me', '2024-12-08 14:14:58'),
(81, 1, 'Admin', 'Logged in via Remember Me', 'Logged in via Remember Me', '2024-12-08 14:17:41'),
(82, 1, 'Admin', 'Logged in via Remember Me', 'Logged in via Remember Me', '2024-12-08 14:17:48'),
(83, 1, 'Admin', 'Logged in via Remember Me', 'Logged in via Remember Me', '2024-12-08 14:17:52'),
(84, 1, 'Admin', 'Logged in via Remember Me', 'Logged in via Remember Me', '2024-12-08 14:19:01'),
(85, 1, 'Admin', 'Logged in via Remember Me', 'Logged in via Remember Me', '2024-12-08 14:19:47'),
(86, 1, 'Admin', 'Logged in via Remember Me', 'Logged in via Remember Me', '2024-12-08 14:20:33'),
(87, 1, 'Admin', 'Logged in via Remember Me', 'Logged in via Remember Me', '2024-12-08 14:20:43'),
(88, 1, 'Admin', 'Logged in via Remember Me', 'Logged in via Remember Me', '2024-12-08 14:20:43'),
(89, 1, 'Admin', 'Logged in via Remember Me', 'Logged in via Remember Me', '2024-12-08 14:22:56'),
(90, 1, 'Admin', 'Logged in via Remember Me', 'Logged in via Remember Me', '2024-12-08 14:23:07'),
(91, 1, 'Admin', 'Logged in via Remember Me', 'Logged in via Remember Me', '2024-12-08 14:23:15'),
(92, 1, 'Admin', 'Logged in via Remember Me', 'Logged in via Remember Me', '2024-12-08 14:23:42'),
(93, 1, 'Admin', 'Logged in via Remember Me', 'Logged in via Remember Me', '2024-12-08 14:25:00'),
(94, 1, 'Admin', 'Logged in via Remember Me', 'Logged in via Remember Me', '2024-12-08 14:25:26'),
(95, 2, '', 'Logged in', 'Logged in', '2024-12-08 14:25:50'),
(96, 3, '', 'Registered', 'Registered', '2024-12-08 14:31:11'),
(97, 1, 'Admin', 'Logged in via Remember Me', 'Logged in via Remember Me', '2024-12-08 14:32:19'),
(98, 3, '', 'Logged in', 'Logged in', '2024-12-08 14:32:26'),
(99, 3, '', 'Logged in via Remember Me', 'Logged in via Remember Me', '2024-12-08 14:32:41'),
(100, 1, 'Admin', 'Logged in', 'Logged in', '2024-12-08 14:33:03'),
(101, 4, '', 'Registered', 'Registered', '2024-12-08 14:34:53'),
(102, 1, 'Admin', 'Logged in via Remember Me', 'Logged in via Remember Me', '2024-12-08 14:36:23'),
(103, 1, 'Admin', 'Logged in', 'Logged in', '2024-12-08 14:36:28'),
(104, 1, 'Admin', 'Logged in via Remember Me', 'Logged in via Remember Me', '2024-12-08 14:40:56'),
(105, 4, '', 'Logged in', 'Logged in', '2024-12-08 14:41:02'),
(106, 4, '', 'Logged in via Remember Me', 'Logged in via Remember Me', '2024-12-08 14:41:09'),
(107, 1, 'Admin', 'Logged in', 'Logged in', '2024-12-08 14:41:15'),
(108, 1, 'Admin', 'Logged in via Remember Me', 'Logged in via Remember Me', '2024-12-08 14:41:57'),
(109, 1, 'Admin', 'Logged in via Remember Me', 'Logged in via Remember Me', '2024-12-08 14:42:03'),
(110, 4, '', 'Logged in', 'Logged in', '2024-12-08 14:42:08'),
(111, 4, '', 'Logged in via Remember Me', 'Logged in via Remember Me', '2024-12-08 14:42:17'),
(112, 1, 'Admin', 'Logged in', 'Logged in', '2024-12-08 14:42:21'),
(113, 4, '', 'Logged in via Remember Me', 'Logged in via Remember Me', '2024-12-08 14:44:50'),
(114, 4, '', 'Logged in', 'Logged in', '2024-12-08 14:44:56'),
(115, 4, '', 'Logged in via Remember Me', 'Logged in via Remember Me', '2024-12-08 14:45:05'),
(116, 1, 'Admin', 'Logged in', 'Logged in', '2024-12-08 14:45:11'),
(117, 1, 'Admin', 'Logged in via Remember Me', 'Logged in via Remember Me', '2024-12-08 14:47:00'),
(118, 4, '', 'Logged in', 'Logged in', '2024-12-08 14:47:03'),
(119, 4, '', 'Logged in via Remember Me', 'Logged in via Remember Me', '2024-12-08 14:47:13'),
(120, 1, 'Admin', 'Logged in', 'Logged in', '2024-12-08 14:47:18'),
(121, 1, 'Admin', 'Logged in via Remember Me', 'Logged in via Remember Me', '2024-12-08 14:48:57'),
(122, 1, 'Admin', 'Logged in', 'Logged in', '2024-12-08 14:49:00'),
(123, 1, 'Admin', 'Logged in via Remember Me', 'Logged in via Remember Me', '2024-12-08 14:52:15'),
(124, 4, '', 'Logged in', 'Logged in', '2024-12-08 14:52:20'),
(125, 4, '', 'Logged in via Remember Me', 'Logged in via Remember Me', '2024-12-08 14:52:31'),
(126, 1, 'Admin', 'Logged in', 'Logged in', '2024-12-08 14:52:36'),
(127, 1, 'Admin', 'Logged in via Remember Me', 'Logged in via Remember Me', '2024-12-08 15:00:01'),
(128, 1, 'Admin', 'Logged in', 'Logged in', '2024-12-08 15:00:05'),
(129, 1, 'Admin', 'Logged in via Remember Me', 'Logged in via Remember Me', '2024-12-09 03:43:42'),
(130, 1, 'Admin', 'Logged in', 'Logged in', '2024-12-09 03:43:52'),
(131, 1, 'Admin', 'Logged in', 'Logged in', '2024-12-09 03:44:02'),
(132, 1, 'Admin', 'Logged in via Remember Me', 'Logged in via Remember Me', '2024-12-09 03:44:31'),
(133, 1, 'Admin', 'Logged in', 'Logged in', '2024-12-09 03:44:34'),
(134, 1, 'Admin', 'Logged in via Remember Me', 'Logged in via Remember Me', '2024-12-09 03:45:49'),
(135, 1, 'Admin', 'Logged in via Remember Me', 'Logged in via Remember Me', '2024-12-09 03:46:15'),
(136, 1, 'Admin', 'Logged in', 'Logged in', '2024-12-09 03:46:18'),
(137, 2, '', 'Registered', 'Registered', '2024-12-09 05:38:29'),
(138, 3, '', 'Registered', 'Registered', '2024-12-09 05:54:06'),
(139, 1, 'Admin', 'Logged in via Remember Me', 'Logged in via Remember Me', '2024-12-09 06:21:49'),
(140, 1, 'Admin', 'Logged in', 'Logged in', '2024-12-09 06:21:57'),
(141, 1, 'Admin', 'Logged in via Remember Me', 'Logged in via Remember Me', '2024-12-09 06:22:01'),
(142, 1, 'Admin', 'Logged in', 'Logged in', '2024-12-09 06:22:05'),
(143, 1, 'Admin', 'Logged in via Remember Me', 'Logged in via Remember Me', '2024-12-09 06:22:11'),
(144, 1, 'Admin', 'Logged in via Remember Me', 'Logged in via Remember Me', '2024-12-09 06:22:39'),
(145, 1, 'Admin', 'Logged in', 'Logged in', '2024-12-09 06:22:41'),
(146, 1, 'Admin', 'Logged in via Remember Me', 'Logged in via Remember Me', '2024-12-09 07:43:03'),
(147, 1, 'Admin', 'Logged in', 'Logged in', '2024-12-09 07:43:08'),
(148, 1, 'Admin', 'Logged in via Remember Me', 'Logged in via Remember Me', '2024-12-09 07:43:39'),
(149, 1, 'Admin', 'Logged in', 'Logged in', '2024-12-09 07:43:51'),
(150, 1, 'Admin', 'Logged in via Remember Me', 'Logged in via Remember Me', '2024-12-09 12:40:11'),
(151, 2, '', 'Logged in', 'Logged in', '2024-12-09 12:40:15'),
(152, 1, 'Admin', 'Logged in via Remember Me', 'Logged in via Remember Me', '2024-12-09 12:40:24'),
(153, 1, 'Admin', 'Logged in', 'Logged in', '2024-12-09 12:40:44'),
(154, 1, 'Admin', 'Logged in via Remember Me', 'Logged in via Remember Me', '2024-12-09 13:11:46'),
(155, 1, 'Admin', 'Logged in', 'Logged in', '2024-12-09 13:11:51'),
(156, 1, 'Admin', 'Logged in via Remember Me', 'Logged in via Remember Me', '2024-12-10 10:01:16'),
(157, 1, 'Admin', 'Logged in via Remember Me', 'Logged in via Remember Me', '2024-12-10 10:01:19'),
(158, 1, 'Admin', 'Logged in', 'Logged in', '2024-12-10 10:01:21'),
(159, 1, 'Admin', 'Logged in via Remember Me', 'Logged in via Remember Me', '2024-12-10 11:37:23'),
(160, 2, '', 'Logged in', 'Logged in', '2024-12-10 11:37:30'),
(161, 1, 'Admin', 'Logged in via Remember Me', 'Logged in via Remember Me', '2024-12-10 12:09:10'),
(162, 1, 'Admin', 'Logged in', 'Logged in', '2024-12-10 12:09:13'),
(163, 1, 'Admin', 'Logged in via Remember Me', 'Logged in via Remember Me', '2024-12-10 12:11:28'),
(164, 2, '', 'Logged in', 'Logged in', '2024-12-10 12:11:33'),
(165, 1, 'Admin', 'Logged in via Remember Me', 'Logged in via Remember Me', '2024-12-10 12:17:02'),
(166, 2, '', 'Logged in', 'Logged in', '2024-12-10 12:17:22'),
(167, 2, '', 'Logged in via Remember Me', 'Logged in via Remember Me', '2024-12-10 12:22:45'),
(168, 3, '', 'Logged in', 'Logged in', '2024-12-10 12:22:53'),
(169, 2, '', 'Logged in', 'Logged in', '2024-12-10 12:29:20'),
(170, 1, 'Admin', 'Logged in', 'Logged in', '2024-12-10 12:51:13'),
(171, 1, 'Admin', 'Logged in', 'Logged in', '2024-12-10 12:53:31'),
(172, 2, '', 'Logged in', 'Logged in', '2024-12-10 14:57:43'),
(173, 1, 'Admin', 'Logged in', 'Logged in', '2024-12-10 14:59:23'),
(174, 1, 'Admin', 'Logged in', 'Logged in', '2024-12-11 03:26:57'),
(175, 1, 'Admin', 'Logged in', 'Logged in', '2024-12-11 03:27:46'),
(176, 1, 'Admin', 'Logged in', 'Logged in', '2024-12-11 06:18:44'),
(177, 1, 'Admin', 'Logged in', 'Logged in', '2024-12-11 06:51:17'),
(178, 2, '', 'Logged in', 'Logged in', '2024-12-11 07:42:28'),
(179, 1, 'Admin', 'Logged in', 'Logged in', '2024-12-11 07:49:05'),
(180, 1, 'Admin', 'Logged in', 'Logged in', '2024-12-11 08:56:11'),
(181, 2, '', 'Logged in', 'Logged in', '2024-12-11 10:11:56'),
(182, 2, '', 'Logged in', 'Logged in', '2024-12-11 16:11:51'),
(183, 2, '', 'Logged in', 'Logged in', '2024-12-12 09:26:28'),
(184, 2, '', 'Logged in', 'Logged in', '2024-12-12 09:27:05'),
(185, 2, '', 'Logged in', 'Logged in', '2024-12-12 10:18:23'),
(186, 2, '', 'Logged in', 'Logged in', '2024-12-12 14:09:26'),
(187, 2, '', 'Logged in', 'Logged in', '2024-12-12 15:19:06'),
(188, 2, '', 'Logged in via Remember Me', 'Logged in via Remember Me', '2024-12-12 15:25:49'),
(189, 2, '', 'Logged in', 'Logged in', '2024-12-12 15:25:53'),
(190, 2, '', 'Logged in via Remember Me', 'Logged in via Remember Me', '2024-12-12 15:29:57'),
(191, 1, 'Admin', 'Logged in', 'Logged in', '2024-12-12 15:30:04'),
(192, 2, '', 'Logged in', 'Logged in', '2024-12-12 15:35:45'),
(193, 2, '', 'Logged in', 'Logged in', '2024-12-12 16:20:38'),
(194, 2, '', 'Logged in via Remember Me', 'Logged in via Remember Me', '2024-12-12 16:22:05'),
(195, 1, 'Admin', 'Logged in', 'Logged in', '2024-12-12 16:22:10'),
(196, 2, '', 'Logged in', 'Logged in', '2024-12-12 16:42:01'),
(197, 2, '', 'Logged in', 'Logged in', '2024-12-12 16:42:16'),
(198, 2, '', 'Logged in via Remember Me', 'Logged in via Remember Me', '2024-12-13 06:32:45'),
(199, 1, 'Admin', 'Logged in', 'Logged in', '2024-12-13 06:32:49'),
(200, 2, '', 'Logged in via Remember Me', 'Logged in via Remember Me', '2024-12-13 06:33:17'),
(201, 2, '', 'Logged in', 'Logged in', '2024-12-13 06:33:21'),
(202, 2, '', 'Logged in via Remember Me', 'Logged in via Remember Me', '2024-12-13 10:10:48'),
(203, 2, '', 'Logged in', 'Logged in', '2024-12-13 10:10:50'),
(204, 2, '', 'Logged in via Remember Me', 'Logged in via Remember Me', '2024-12-13 12:49:31'),
(205, 2, '', 'Logged in', 'Logged in', '2024-12-13 12:49:36'),
(206, 2, '', 'Logged in via Remember Me', 'Logged in via Remember Me', '2024-12-13 13:45:06'),
(207, 2, '', 'Logged in', 'Logged in', '2024-12-13 13:45:08'),
(208, 2, '', 'Logged in via Remember Me', 'Logged in via Remember Me', '2024-12-13 14:23:13'),
(209, 2, '', 'Logged in', 'Logged in', '2024-12-13 14:23:15'),
(210, 2, '', 'Logged in via Remember Me', 'Logged in via Remember Me', '2024-12-15 07:26:16'),
(211, 2, '', 'Logged in', 'Logged in', '2024-12-15 07:27:07'),
(212, 2, '', 'Logged in via Remember Me', 'Logged in via Remember Me', '2024-12-15 07:43:40'),
(213, 2, '', 'Logged in', 'Logged in', '2024-12-15 07:43:43'),
(214, 2, '', 'Logged in via Remember Me', 'Logged in via Remember Me', '2024-12-15 10:20:48'),
(215, 2, '', 'Logged in', 'Logged in', '2024-12-15 10:20:52'),
(216, 2, '', 'Logged in via Remember Me', 'Logged in via Remember Me', '2024-12-15 11:52:29'),
(217, 2, '', 'Logged in', 'Logged in', '2024-12-15 11:52:32'),
(218, 2, '', 'Logged in via Remember Me', 'Logged in via Remember Me', '2024-12-15 12:20:07'),
(219, 2, '', 'Logged in via Remember Me', 'Logged in via Remember Me', '2024-12-15 12:21:27'),
(220, 2, '', 'Logged in via Remember Me', 'Logged in via Remember Me', '2024-12-15 12:25:10'),
(221, 2, '', 'Logged in via Remember Me', 'Logged in via Remember Me', '2024-12-15 12:29:17'),
(222, 2, '', 'Logged in via Remember Me', 'Logged in via Remember Me', '2024-12-15 12:48:11'),
(223, 2, '', 'Logged in', 'Logged in', '2024-12-15 12:48:16'),
(224, 2, '', 'Logged in via Remember Me', 'Logged in via Remember Me', '2024-12-15 12:54:01'),
(225, 2, '', 'Logged in via Remember Me', 'Logged in via Remember Me', '2024-12-15 12:58:16'),
(226, 2, '', 'Logged in via Remember Me', 'Logged in via Remember Me', '2024-12-15 12:58:56'),
(227, 2, '', 'Logged in via Remember Me', 'Logged in via Remember Me', '2024-12-15 12:59:49'),
(228, 2, '', 'Logged in via Remember Me', 'Logged in via Remember Me', '2024-12-15 13:30:42'),
(229, 2, '', 'Logged in', 'Logged in', '2024-12-15 13:30:46'),
(230, 2, '', 'Logged in via Remember Me', 'Logged in via Remember Me', '2024-12-15 13:36:55'),
(231, 2, '', 'Logged in', 'Logged in', '2024-12-15 13:36:59'),
(232, 2, '', 'Logged in via Remember Me', 'Logged in via Remember Me', '2024-12-15 13:49:44'),
(233, 2, '', 'Logged in', 'Logged in', '2024-12-15 13:49:47'),
(234, 2, '', 'Logged in via Remember Me', 'Logged in via Remember Me', '2024-12-15 14:02:58'),
(235, 2, '', 'Logged in', 'Logged in', '2024-12-15 14:03:01'),
(236, 2, '', 'Logged in via Remember Me', 'Logged in via Remember Me', '2024-12-15 15:05:12'),
(237, 2, '', 'Logged in', 'Logged in', '2024-12-15 15:05:14'),
(238, 2, '', 'Logged in via Remember Me', 'Logged in via Remember Me', '2024-12-15 15:11:16'),
(239, 2, '', 'Logged in', 'Logged in', '2024-12-15 15:11:18'),
(240, 2, '', 'Logged in via Remember Me', 'Logged in via Remember Me', '2024-12-20 12:32:59'),
(241, 2, '', 'Logged in', 'Logged in', '2024-12-20 12:33:03'),
(242, 2, '', 'Logged in via Remember Me', 'Logged in via Remember Me', '2024-12-20 14:17:46'),
(243, 2, '', 'Logged in via Remember Me', 'Logged in via Remember Me', '2024-12-20 14:22:05'),
(244, 4, '', 'Logged in', 'Logged in', '2024-12-20 14:22:15'),
(245, 2, '', 'Logged in via Remember Me', 'Logged in via Remember Me', '2024-12-20 14:46:46'),
(246, 2, '', 'Logged in', 'Logged in', '2024-12-20 14:46:51'),
(247, 2, '', 'Logged in via Remember Me', 'Logged in via Remember Me', '2024-12-20 14:59:03'),
(248, 2, '', 'Logged in', 'Logged in', '2024-12-20 14:59:06'),
(249, 2, '', 'Logged in via Remember Me', 'Logged in via Remember Me', '2024-12-20 15:25:15'),
(250, 1, 'Admin', 'Logged in', 'Logged in', '2024-12-20 15:25:20'),
(251, 2, '', 'Logged in via Remember Me', 'Logged in via Remember Me', '2024-12-20 15:26:33'),
(252, 2, '', 'Logged in via Remember Me', 'Logged in via Remember Me', '2024-12-20 15:26:47'),
(253, 2, '', 'Logged in', 'Logged in', '2024-12-20 15:26:53'),
(254, 2, '', 'Logged in via Remember Me', 'Logged in via Remember Me', '2024-12-20 15:50:00'),
(255, 1, 'Admin', 'Logged in', 'Logged in', '2024-12-20 15:50:05'),
(256, 1, 'Admin', 'Logged in via Remember Me', 'Logged in via Remember Me', '2024-12-20 15:50:29'),
(257, 1, 'Admin', 'Logged in', 'Logged in', '2024-12-20 15:50:37'),
(258, 1, 'Admin', 'Logged in', 'Logged in', '2024-12-20 15:51:26'),
(259, 1, 'Admin', 'Logged in via Remember Me', 'Logged in via Remember Me', '2024-12-20 16:21:36'),
(260, 2, '', 'Logged in', 'Logged in', '2024-12-20 16:21:42'),
(261, 1, 'Admin', 'Logged in via Remember Me', 'Logged in via Remember Me', '2024-12-20 16:33:24'),
(262, 1, 'Admin', 'Logged in', 'Logged in', '2024-12-20 16:33:28'),
(263, 1, 'Admin', 'Logged in via Remember Me', 'Logged in via Remember Me', '2024-12-21 09:25:04'),
(264, 1, 'Admin', 'Logged in', 'Logged in', '2024-12-21 09:25:08'),
(265, 2, '', 'Logged in', 'Logged in', '2024-12-21 09:37:59'),
(266, 1, 'Admin', 'Logged in via Remember Me', 'Logged in via Remember Me', '2024-12-21 10:13:52'),
(267, 1, 'Admin', 'Logged in via Remember Me', 'Logged in via Remember Me', '2024-12-21 10:31:12'),
(268, 2, '', 'Logged in', 'Logged in', '2024-12-21 10:31:18'),
(269, 1, 'Admin', 'Logged in via Remember Me', 'Logged in via Remember Me', '2024-12-21 11:21:16'),
(270, 2, '', 'Logged in', 'Logged in', '2024-12-21 11:21:19'),
(271, 2, '', 'Logged in via Remember Me', 'Logged in via Remember Me', '2024-12-21 12:59:32'),
(272, 2, '', 'Logged in via Remember Me', 'Logged in via Remember Me', '2024-12-21 12:59:39'),
(273, 2, '', 'Logged in via Remember Me', 'Logged in via Remember Me', '2024-12-21 12:59:39'),
(274, 2, '', 'Logged in', 'Logged in', '2024-12-21 12:59:43'),
(275, 2, '', 'Logged in via Remember Me', 'Logged in via Remember Me', '2024-12-21 13:12:46'),
(276, 2, '', 'Logged in', 'Logged in', '2024-12-21 13:12:49'),
(277, 2, '', 'Logged in via Remember Me', 'Logged in via Remember Me', '2024-12-21 13:24:39'),
(278, 2, '', 'Logged in', 'Logged in', '2024-12-21 13:24:59'),
(279, 2, '', 'Logged in via Remember Me', 'Logged in via Remember Me', '2024-12-21 14:00:58'),
(280, 2, '', 'Logged in', 'Logged in', '2024-12-21 14:01:14'),
(281, 2, '', 'Logged in', 'Logged in', '2024-12-21 14:01:32'),
(282, 2, '', 'Logged in via Remember Me', 'Logged in via Remember Me', '2024-12-21 14:09:49'),
(283, 2, '', 'Logged in', 'Logged in', '2024-12-21 14:10:06'),
(284, 2, '', 'Logged in via Remember Me', 'Logged in via Remember Me', '2024-12-21 15:55:26'),
(285, 2, '', 'Logged in', 'Logged in', '2024-12-21 15:55:29'),
(286, 2, '', 'Logged in via Remember Me', 'Logged in via Remember Me', '2024-12-21 16:05:42'),
(287, 2, '', 'Logged in', 'Logged in', '2024-12-21 16:05:44'),
(288, 2, '', 'Logged in via Remember Me', 'Logged in via Remember Me', '2024-12-21 16:11:15'),
(289, 2, '', 'Logged in', 'Logged in', '2024-12-21 16:11:17'),
(290, 2, '', 'Logged in via Remember Me', 'Logged in via Remember Me', '2024-12-22 08:41:31'),
(291, 2, '', 'Logged in via Remember Me', 'Logged in via Remember Me', '2024-12-22 08:41:36'),
(292, 2, '', 'Logged in', 'Logged in', '2024-12-22 08:41:41'),
(293, 2, '', 'Logged in via Remember Me', 'Logged in via Remember Me', '2024-12-22 10:17:15'),
(294, 2, '', 'Logged in', 'Logged in', '2024-12-22 10:17:18'),
(295, 2, '', 'Logged in via Remember Me', 'Logged in via Remember Me', '2024-12-22 10:22:23'),
(296, 2, '', 'Logged in', 'Logged in', '2024-12-22 10:22:52'),
(297, 2, '', 'Logged in', 'Logged in', '2024-12-22 10:23:22'),
(298, 2, '', 'Logged in via Remember Me', 'Logged in via Remember Me', '2024-12-22 10:30:42'),
(299, 2, '', 'Logged in', 'Logged in', '2024-12-22 10:30:51'),
(300, 2, '', 'Logged in via Remember Me', 'Logged in via Remember Me', '2024-12-22 13:08:54'),
(301, 2, '', 'Logged in', 'Logged in', '2024-12-22 13:08:56'),
(302, 2, '', 'Logged in via Remember Me', 'Logged in via Remember Me', '2024-12-22 14:06:30'),
(303, 2, '', 'Logged in', 'Logged in', '2024-12-22 14:13:47'),
(304, 2, '', 'Logged in via Remember Me', 'Logged in via Remember Me', '2024-12-22 14:33:59'),
(305, 2, '', 'Logged in', 'Logged in', '2024-12-22 14:34:01'),
(306, 2, '', 'Logged in via Remember Me', 'Logged in via Remember Me', '2024-12-22 15:03:52'),
(307, 2, '', 'Logged in', 'Logged in', '2024-12-22 15:04:00'),
(308, 1, 'Admin', 'Logged in', 'Logged in', '2024-12-22 16:26:28'),
(309, 1, 'Admin', 'Logged in', 'Logged in', '2024-12-22 18:06:22'),
(310, 2, '', 'Logged in via Remember Me', 'Logged in via Remember Me', '2024-12-22 19:42:59'),
(311, 1, 'Admin', 'Logged in', 'Logged in', '2024-12-22 19:43:02'),
(312, 2, '', 'Logged in via Remember Me', 'Logged in via Remember Me', '2024-12-22 19:45:58'),
(313, 2, '', 'Logged in', 'Logged in', '2024-12-22 19:46:01'),
(314, 2, '', 'Logged in via Remember Me', 'Logged in via Remember Me', '2024-12-22 19:52:19'),
(315, 1, 'Admin', 'Logged in', 'Logged in', '2024-12-22 19:52:22'),
(316, 2, '', 'Logged in via Remember Me', 'Logged in via Remember Me', '2024-12-22 20:06:48'),
(317, 2, '', 'Logged in', 'Logged in', '2024-12-22 20:06:51'),
(318, 2, '', 'Logged in via Remember Me', 'Logged in via Remember Me', '2024-12-23 07:44:05'),
(319, 2, '', 'Logged in', 'Logged in', '2024-12-23 07:44:11'),
(320, 1, 'Admin', 'Logged in', 'Logged in', '2024-12-23 08:04:06'),
(321, 2, '', 'Logged in via Remember Me', 'Logged in via Remember Me', '2024-12-23 08:21:18'),
(322, 2, '', 'Logged in', 'Logged in', '2024-12-23 08:24:46'),
(323, 3, '', 'Logged in', 'Logged in', '2024-12-23 08:38:04'),
(324, 1, 'Admin', 'Logged in', 'Logged in', '2024-12-23 10:00:35'),
(325, 3, '', 'Logged in', 'Logged in', '2024-12-23 10:12:35'),
(326, 2, '', 'Logged in via Remember Me', 'Logged in via Remember Me', '2024-12-23 11:37:31'),
(327, 2, '', 'Logged in', 'Logged in', '2024-12-23 11:37:33'),
(328, 2, '', 'Logged in via Remember Me', 'Logged in via Remember Me', '2024-12-23 13:59:56'),
(329, 4, '', 'Logged in', 'Logged in', '2024-12-23 14:00:40'),
(330, 2, '', 'Logged in via Remember Me', 'Logged in via Remember Me', '2024-12-23 14:06:06'),
(331, 1, 'Admin', 'Logged in', 'Logged in', '2024-12-23 14:06:10'),
(332, 2, '', 'Logged in via Remember Me', 'Logged in via Remember Me', '2024-12-23 14:09:27'),
(333, 4, '', 'Logged in', 'Logged in', '2024-12-23 14:09:33'),
(334, 2, '', 'Logged in', 'Logged in', '2024-12-23 14:11:38'),
(335, 3, '', 'Logged in', 'Logged in', '2024-12-23 14:12:04'),
(336, 2, '', 'Logged in via Remember Me', 'Logged in via Remember Me', '2024-12-23 14:24:04'),
(337, 4, '', 'Logged in', 'Logged in', '2024-12-23 14:24:10'),
(338, 1, 'Admin', 'Logged in', 'Logged in', '2024-12-23 14:53:58'),
(339, 2, '', 'Logged in via Remember Me', 'Logged in via Remember Me', '2024-12-23 14:54:48'),
(340, 2, '', 'Logged in', 'Logged in', '2024-12-23 14:54:52'),
(341, 2, '', 'Logged in via Remember Me', 'Logged in via Remember Me', '2024-12-23 15:12:36'),
(342, 4, '', 'Logged in', 'Logged in', '2024-12-23 15:12:42'),
(343, 2, '', 'Logged in', 'Logged in', '2024-12-23 15:26:33'),
(344, 2, '', 'Logged in via Remember Me', 'Logged in via Remember Me', '2024-12-23 15:30:26'),
(345, 1, 'Admin', 'Logged in', 'Logged in', '2024-12-23 15:30:30'),
(346, 2, '', 'Logged in via Remember Me', 'Logged in via Remember Me', '2024-12-23 15:38:59'),
(347, 4, '', 'Logged in', 'Logged in', '2024-12-23 15:39:03'),
(348, 2, '', 'Logged in via Remember Me', 'Logged in via Remember Me', '2024-12-23 16:02:35'),
(349, 7, '', 'Logged in', 'Logged in', '2024-12-23 16:02:44'),
(350, 2, '', 'Logged in via Remember Me', 'Logged in via Remember Me', '2024-12-23 16:03:54'),
(351, 7, '', 'Logged in', 'Logged in', '2024-12-23 16:03:56'),
(352, 1, 'Admin', 'Logged in', 'Logged in', '2024-12-23 16:17:43'),
(353, 2, '', 'Logged in', 'Logged in', '2024-12-23 16:18:40'),
(354, 4, '', 'Logged in', 'Logged in', '2024-12-23 16:23:16'),
(355, 2, '', 'Logged in via Remember Me', 'Logged in via Remember Me', '2024-12-23 16:38:49'),
(356, 6, '', 'Logged in', 'Logged in', '2024-12-23 16:39:11'),
(357, 2, '', 'Logged in via Remember Me', 'Logged in via Remember Me', '2024-12-23 16:41:01'),
(358, 6, '', 'Logged in', 'Logged in', '2024-12-23 16:41:05'),
(359, 6, '', 'Logged in via Remember Me', 'Logged in via Remember Me', '2024-12-23 17:12:48'),
(360, 1, 'Admin', 'Logged in', 'Logged in', '2024-12-23 17:12:53'),
(361, 1, 'Admin', 'Logged in via Remember Me', 'Logged in via Remember Me', '2024-12-23 17:17:24'),
(362, 1, 'Admin', 'Logged in', 'Logged in', '2024-12-23 17:17:28'),
(363, 2, '', 'Logged in', 'Logged in', '2024-12-23 17:24:55'),
(364, 1, 'Admin', 'Logged in via Remember Me', 'Logged in via Remember Me', '2024-12-23 17:56:48'),
(365, 4, '', 'Logged in', 'Logged in', '2024-12-23 17:56:55'),
(366, 1, 'Admin', 'Logged in via Remember Me', 'Logged in via Remember Me', '2024-12-23 17:58:05'),
(367, 7, '', 'Logged in', 'Logged in', '2024-12-23 17:58:10'),
(368, 1, 'Admin', 'Logged in via Remember Me', 'Logged in via Remember Me', '2024-12-23 18:07:44'),
(369, 5, '', 'Logged in', 'Logged in', '2024-12-23 18:08:02'),
(370, 1, 'Admin', 'Logged in via Remember Me', 'Logged in via Remember Me', '2024-12-23 18:12:14'),
(371, 5, '', 'Logged in', 'Logged in', '2024-12-23 18:12:18'),
(372, 1, 'Admin', 'Logged in via Remember Me', 'Logged in via Remember Me', '2024-12-24 07:49:50'),
(373, 2, '', 'Logged in', 'Logged in', '2024-12-24 07:53:09'),
(374, 1, 'Admin', 'Logged in via Remember Me', 'Logged in via Remember Me', '2024-12-24 08:09:55'),
(375, 3, '', 'Logged in', 'Logged in', '2024-12-24 08:10:00'),
(376, 1, 'Admin', 'Logged in via Remember Me', 'Logged in via Remember Me', '2024-12-24 09:20:41'),
(377, 1, 'Admin', 'Logged in via Remember Me', 'Logged in via Remember Me', '2024-12-24 09:20:45'),
(378, 2, '', 'Logged in', 'Logged in', '2024-12-24 09:20:49'),
(379, 1, 'Admin', 'Logged in via Remember Me', 'Logged in via Remember Me', '2024-12-24 09:55:44'),
(380, 1, 'Admin', 'Logged in', 'Logged in', '2024-12-24 09:55:48'),
(381, 8, '', 'Registered', 'Registered', '2024-12-24 09:59:21'),
(382, 2, '', 'Logged in', 'Logged in', '2024-12-24 10:16:36'),
(383, 1, 'Admin', 'Logged in via Remember Me', 'Logged in via Remember Me', '2024-12-24 11:22:18'),
(384, 6, '', 'Logged in', 'Logged in', '2024-12-24 11:22:23'),
(385, 1, 'Admin', 'Logged in via Remember Me', 'Logged in via Remember Me', '2024-12-26 11:05:40'),
(386, 6, '', 'Logged in', 'Logged in', '2024-12-26 11:05:44'),
(387, 1, 'Admin', 'Logged in via Remember Me', 'Logged in via Remember Me', '2024-12-26 17:44:54'),
(388, 5, '', 'Logged in', 'Logged in', '2024-12-26 17:45:04'),
(389, 1, 'Admin', 'Logged in via Remember Me', 'Logged in via Remember Me', '2024-12-26 17:53:34'),
(390, 2, '', 'Logged in', 'Logged in', '2024-12-26 17:53:39'),
(391, 2, '', 'Logged in via Remember Me', 'Logged in via Remember Me', '2024-12-26 17:59:45'),
(392, 5, '', 'Logged in', 'Logged in', '2024-12-26 17:59:49'),
(393, 2, '', 'Logged in via Remember Me', 'Logged in via Remember Me', '2024-12-27 09:29:36'),
(394, 2, '', 'Logged in via Remember Me', 'Logged in via Remember Me', '2024-12-27 09:29:37'),
(395, 6, '', 'Logged in', 'Logged in', '2024-12-27 09:29:50'),
(396, 6, '', 'Logged in', 'Logged in', '2024-12-27 09:30:08'),
(397, 6, '', 'Logged in via Remember Me', 'Logged in via Remember Me', '2024-12-27 09:39:51'),
(398, 6, '', 'Logged in via Remember Me', 'Logged in via Remember Me', '2024-12-27 09:39:56'),
(399, 5, '', 'Logged in', 'Logged in', '2024-12-27 09:39:58'),
(400, 6, '', 'Logged in via Remember Me', 'Logged in via Remember Me', '2024-12-27 09:59:39'),
(401, 6, '', 'Logged in', 'Logged in', '2024-12-27 09:59:45'),
(402, 6, '', 'Logged in via Remember Me', 'Logged in via Remember Me', '2024-12-27 10:06:44'),
(403, 1, 'Admin', 'Logged in', 'Logged in', '2024-12-27 10:06:47'),
(404, 6, '', 'Logged in via Remember Me', 'Logged in via Remember Me', '2024-12-27 11:13:56'),
(405, 5, '', 'Logged in', 'Logged in', '2024-12-27 11:14:13'),
(406, 1, 'Admin', 'Logged in', 'Logged in', '2024-12-27 17:12:13'),
(407, 6, '', 'Logged in via Remember Me', 'Logged in via Remember Me', '2024-12-27 18:17:51'),
(408, 1, 'Admin', 'Logged in', 'Logged in', '2024-12-27 18:17:55'),
(409, 5, '', 'Logged in', 'Logged in', '2024-12-27 18:32:26'),
(410, 4, '', 'Logged in', 'Logged in', '2024-12-27 18:50:35'),
(411, 6, '', 'Logged in', 'Logged in', '2024-12-27 18:52:14'),
(412, 2, '', 'Logged in', 'Logged in', '2024-12-27 18:53:08'),
(413, 7, '', 'Logged in', 'Logged in', '2024-12-27 18:54:22'),
(414, 2, '', 'Logged in', 'Logged in', '2024-12-27 18:55:26'),
(415, 2, '', 'Logged in', 'Logged in', '2024-12-27 20:08:21'),
(416, 6, '', 'Logged in via Remember Me', 'Logged in via Remember Me', '2024-12-27 20:39:38'),
(417, 8, '', 'Logged in', 'Logged in', '2024-12-27 20:42:04'),
(418, 1, 'Admin', 'Logged in', 'Logged in', '2024-12-27 20:50:33'),
(419, 6, '', 'Logged in via Remember Me', 'Logged in via Remember Me', '2024-12-28 08:53:51'),
(420, 1, 'Admin', 'Logged in', 'Logged in', '2024-12-28 08:55:06'),
(421, 5, '', 'Logged in', 'Logged in', '2024-12-28 12:08:45'),
(422, 6, '', 'Logged in via Remember Me', 'Logged in via Remember Me', '2024-12-28 17:23:30'),
(423, 8, '', 'Logged in', 'Logged in', '2024-12-28 17:23:43'),
(424, 6, '', 'Logged in via Remember Me', 'Logged in via Remember Me', '2024-12-28 17:27:40'),
(425, 8, '', 'Logged in', 'Logged in', '2024-12-28 17:27:44'),
(426, 6, '', 'Logged in via Remember Me', 'Logged in via Remember Me', '2024-12-29 05:50:31'),
(427, 6, '', 'Logged in via Remember Me', 'Logged in via Remember Me', '2024-12-29 05:50:39'),
(428, 6, '', 'Logged in via Remember Me', 'Logged in via Remember Me', '2024-12-29 05:50:46'),
(429, 1, 'Admin', 'Logged in', 'Logged in', '2024-12-29 05:50:50'),
(430, 8, '', 'Registered', 'Registered', '2024-12-29 06:19:00'),
(431, 6, '', 'Logged in via Remember Me', 'Logged in via Remember Me', '2024-12-29 06:22:06'),
(432, 1, 'Admin', 'Logged in', 'Logged in', '2024-12-29 06:22:10'),
(433, 8, '', 'Registered', 'Registered', '2024-12-29 07:33:09'),
(434, 1, 'Admin', 'Logged in', 'Logged in', '2024-12-29 07:58:07'),
(435, 1, 'Admin', 'Logged in', 'Logged in', '2024-12-29 08:08:13'),
(436, 8, '', 'Logged in', 'Logged in', '2024-12-29 08:42:24'),
(437, 1, 'Admin', 'Logged in', 'Logged in', '2024-12-29 08:42:39'),
(438, 8, '', 'Registered', 'Registered', '2024-12-29 08:51:46'),
(439, 6, '', 'Logged in via Remember Me', 'Logged in via Remember Me', '2024-12-29 08:53:12'),
(440, 6, '', 'Logged in via Remember Me', 'Logged in via Remember Me', '2024-12-29 08:53:33'),
(441, 6, '', 'Logged in via Remember Me', 'Logged in via Remember Me', '2024-12-29 08:53:37'),
(442, 6, '', 'Logged in via Remember Me', 'Logged in via Remember Me', '2024-12-29 08:53:41'),
(443, 1, 'Admin', 'Logged in', 'Logged in', '2024-12-29 08:53:45'),
(444, 6, '', 'Logged in via Remember Me', 'Logged in via Remember Me', '2024-12-29 09:00:36'),
(445, 8, '', 'Logged in', 'Logged in', '2024-12-29 09:00:41'),
(446, 6, '', 'Logged in via Remember Me', 'Logged in via Remember Me', '2024-12-29 09:01:20'),
(447, 8, '', 'Logged in', 'Logged in', '2024-12-29 09:01:23'),
(448, 6, '', 'Logged in via Remember Me', 'Logged in via Remember Me', '2024-12-29 09:01:48'),
(449, 1, 'Admin', 'Logged in', 'Logged in', '2024-12-29 09:01:52'),
(450, 6, '', 'Logged in via Remember Me', 'Logged in via Remember Me', '2024-12-29 09:03:09'),
(451, 8, '', 'Logged in', 'Logged in', '2024-12-29 09:03:15'),
(452, 6, '', 'Logged in via Remember Me', 'Logged in via Remember Me', '2024-12-29 09:03:48'),
(453, 1, 'Admin', 'Logged in', 'Logged in', '2024-12-29 09:03:56'),
(454, 8, '', 'Logged in', 'Logged in', '2024-12-29 09:04:44'),
(455, 6, '', 'Logged in via Remember Me', 'Logged in via Remember Me', '2024-12-29 09:05:44'),
(456, 1, 'Admin', 'Logged in', 'Logged in', '2024-12-29 09:05:49'),
(457, 1, 'Admin', 'Logged in via Remember Me', 'Logged in via Remember Me', '2024-12-29 09:37:05'),
(458, 8, '', 'Logged in', 'Logged in', '2024-12-29 09:37:08'),
(459, 1, 'Admin', 'Logged in', 'Logged in', '2024-12-29 09:46:35'),
(460, 1, 'Admin', 'Logged in via Remember Me', 'Logged in via Remember Me', '2024-12-29 11:59:59'),
(461, 8, '', 'Logged in', 'Logged in', '2024-12-29 12:00:03'),
(462, 1, 'Admin', 'Logged in via Remember Me', 'Logged in via Remember Me', '2024-12-29 12:00:27'),
(463, 8, '', 'Logged in', 'Logged in', '2024-12-29 12:00:29'),
(464, 9, '', 'Registered', 'Registered', '2024-12-29 12:04:35'),
(465, 1, 'Admin', 'Logged in via Remember Me', 'Logged in via Remember Me', '2024-12-29 12:08:01'),
(466, 9, '', 'Logged in', 'Logged in', '2024-12-29 12:08:04'),
(467, 1, 'Admin', 'Logged in via Remember Me', 'Logged in via Remember Me', '2024-12-29 12:24:28'),
(468, 6, '', 'Logged in', 'Logged in', '2024-12-29 12:24:33'),
(469, 1, 'Admin', 'Logged in via Remember Me', 'Logged in via Remember Me', '2024-12-29 12:26:54'),
(470, 5, '', 'Logged in', 'Logged in', '2024-12-29 12:27:00'),
(471, 5, '', 'Logged in', 'Logged in', '2024-12-29 12:27:08'),
(472, 5, '', 'Logged in', 'Logged in', '2024-12-29 12:27:15'),
(473, 1, 'Admin', 'Logged in via Remember Me', 'Logged in via Remember Me', '2024-12-29 12:32:27'),
(474, 5, '', 'Logged in', 'Logged in', '2024-12-29 12:32:29'),
(475, 1, 'Admin', 'Logged in via Remember Me', 'Logged in via Remember Me', '2024-12-29 12:42:56'),
(476, 8, '', 'Logged in', 'Logged in', '2024-12-29 12:42:59'),
(477, 7, '', 'Logged in', 'Logged in', '2024-12-29 12:43:41'),
(478, 1, 'Admin', 'Logged in', 'Logged in', '2024-12-29 12:46:25'),
(479, 5, '', 'Logged in', 'Logged in', '2024-12-29 12:55:50'),
(480, 1, 'Admin', 'Logged in', 'Logged in', '2024-12-29 13:01:30'),
(481, 1, 'Admin', 'Logged in via Remember Me', 'Logged in via Remember Me', '2024-12-29 13:18:59'),
(482, 8, '', 'Logged in', 'Logged in', '2024-12-29 13:19:01'),
(483, 1, 'Admin', 'Logged in via Remember Me', 'Logged in via Remember Me', '2024-12-29 13:25:12'),
(484, 8, '', 'Logged in', 'Logged in', '2024-12-29 13:25:14'),
(485, 1, 'Admin', 'Logged in via Remember Me', 'Logged in via Remember Me', '2024-12-29 13:36:18'),
(486, 8, '', 'Logged in', 'Logged in', '2024-12-29 13:36:20'),
(487, 1, 'Admin', 'Logged in via Remember Me', 'Logged in via Remember Me', '2024-12-29 13:39:52'),
(488, 10, '', 'Registered', 'Registered', '2024-12-29 13:40:42'),
(489, 1, 'Admin', 'Logged in via Remember Me', 'Logged in via Remember Me', '2024-12-29 13:43:19'),
(490, 10, '', 'Logged in', 'Logged in', '2024-12-29 13:43:22'),
(491, 1, 'Admin', 'Logged in via Remember Me', 'Logged in via Remember Me', '2024-12-29 14:13:15'),
(492, 7, '', 'Logged in', 'Logged in', '2024-12-29 14:13:32'),
(493, 1, 'Admin', 'Logged in via Remember Me', 'Logged in via Remember Me', '2024-12-29 14:13:58'),
(494, 7, '', 'Logged in', 'Logged in', '2024-12-29 14:14:00'),
(495, 1, 'Admin', 'Logged in via Remember Me', 'Logged in via Remember Me', '2024-12-29 14:15:19'),
(496, 5, '', 'Logged in', 'Logged in', '2024-12-29 14:15:32'),
(497, 1, 'Admin', 'Logged in', 'Logged in', '2024-12-29 14:22:48'),
(498, 1, 'Admin', 'Logged in via Remember Me', 'Logged in via Remember Me', '2024-12-29 14:29:29'),
(499, 8, '', 'Logged in', 'Logged in', '2024-12-29 14:29:32'),
(500, 1, 'Admin', 'Logged in via Remember Me', 'Logged in via Remember Me', '2024-12-29 14:30:11'),
(501, 1, 'Admin', 'Logged in via Remember Me', 'Logged in via Remember Me', '2024-12-29 14:30:15'),
(502, 10, '', 'Logged in', 'Logged in', '2024-12-29 14:30:31'),
(503, 1, 'Admin', 'Logged in via Remember Me', 'Logged in via Remember Me', '2024-12-29 14:30:51'),
(504, 1, 'Admin', 'Logged in via Remember Me', 'Logged in via Remember Me', '2024-12-29 14:30:54'),
(505, 7, '', 'Logged in', 'Logged in', '2024-12-29 14:30:59'),
(506, 1, 'Admin', 'Logged in', 'Logged in', '2024-12-29 14:31:58'),
(507, 8, '', 'Logged in', 'Logged in', '2025-01-05 13:57:36'),
(508, 1, 'Admin', 'Logged in', 'Logged in', '2025-01-05 14:03:06'),
(509, 8, '', 'Logged in', 'Logged in', '2025-01-05 14:07:09'),
(510, 8, '', 'Logged in', 'Logged in', '2025-01-11 01:39:06'),
(511, 11, '', 'Registered', 'Registered', '2025-01-11 01:42:47'),
(512, 8, '', 'Logged in via Remember Me', 'Logged in via Remember Me', '2025-01-11 01:43:53'),
(513, 1, 'Admin', 'Logged in', 'Logged in', '2025-01-11 01:44:09'),
(514, 8, '', 'Logged in via Remember Me', 'Logged in via Remember Me', '2025-01-11 01:47:34'),
(515, 11, '', 'Logged in', 'Logged in', '2025-01-11 01:47:38'),
(516, 8, '', 'Logged in via Remember Me', 'Logged in via Remember Me', '2025-01-11 01:48:32'),
(517, 1, 'Admin', 'Logged in', 'Logged in', '2025-01-11 01:48:46'),
(518, 1, 'Admin', 'Logged in via Remember Me', 'Logged in via Remember Me', '2025-01-11 01:50:18'),
(519, 11, '', 'Logged in', 'Logged in', '2025-01-11 01:50:20'),
(520, 1, 'Admin', 'Logged in via Remember Me', 'Logged in via Remember Me', '2025-01-11 01:52:14'),
(521, 1, 'Admin', 'Logged in', 'Logged in', '2025-01-11 01:52:22'),
(522, 1, 'Admin', 'Logged in via Remember Me', 'Logged in via Remember Me', '2025-01-11 01:53:14'),
(523, 11, '', 'Logged in', 'Logged in', '2025-01-11 01:53:16'),
(524, 1, 'Admin', 'Logged in via Remember Me', 'Logged in via Remember Me', '2025-01-11 02:00:55'),
(525, 1, 'Admin', 'Logged in via Remember Me', 'Logged in via Remember Me', '2025-01-11 02:01:25'),
(526, 1, 'Admin', 'Logged in via Remember Me', 'Logged in via Remember Me', '2025-01-11 02:01:28'),
(527, 1, 'Admin', 'Logged in', 'Logged in', '2025-01-11 02:01:34'),
(528, 1, 'Admin', 'Logged in via Remember Me', 'Logged in via Remember Me', '2025-01-11 02:04:55'),
(529, 1, 'Admin', 'Logged in via Remember Me', 'Logged in via Remember Me', '2025-01-11 02:04:57'),
(530, 11, '', 'Logged in', 'Logged in', '2025-01-11 02:04:59'),
(531, 1, 'Admin', 'Logged in via Remember Me', 'Logged in via Remember Me', '2025-01-11 02:05:39'),
(532, 11, '', 'Logged in', 'Logged in', '2025-01-11 02:05:45'),
(533, 1, 'Admin', 'Logged in via Remember Me', 'Logged in via Remember Me', '2025-01-11 02:07:58'),
(534, 11, '', 'Logged in', 'Logged in', '2025-01-11 02:08:01'),
(535, 1, 'Admin', 'Logged in via Remember Me', 'Logged in via Remember Me', '2025-01-11 02:08:08'),
(536, 1, 'Admin', 'Logged in', 'Logged in', '2025-01-11 02:08:28'),
(537, 1, 'Admin', 'Logged in via Remember Me', 'Logged in via Remember Me', '2025-01-11 04:57:12'),
(538, 11, '', 'Logged in', 'Logged in', '2025-01-11 04:57:14'),
(539, 1, 'Admin', 'Logged in', 'Logged in', '2025-01-11 05:10:53'),
(540, 6, '', 'Logged in', 'Logged in', '2025-01-11 05:12:05'),
(541, 1, 'Admin', 'Logged in', 'Logged in', '2025-01-11 05:13:17'),
(542, 1, 'Admin', 'Logged in via Remember Me', 'Logged in via Remember Me', '2025-01-11 14:39:21'),
(543, 11, '', 'Logged in', 'Logged in', '2025-01-11 14:39:25'),
(544, 1, 'Admin', 'Logged in via Remember Me', 'Logged in via Remember Me', '2025-01-11 14:39:34'),
(545, 1, 'Admin', 'Logged in', 'Logged in', '2025-01-11 14:39:41'),
(546, 1, 'Admin', 'Logged in via Remember Me', 'Logged in via Remember Me', '2025-01-11 16:40:53'),
(547, 8, '', 'Logged in', 'Logged in', '2025-01-11 16:44:44'),
(548, 1, 'Admin', 'Logged in via Remember Me', 'Logged in via Remember Me', '2025-01-11 16:45:46'),
(549, 1, 'Admin', 'Logged in', 'Logged in', '2025-01-11 16:45:53'),
(550, 1, 'Admin', 'Logged in', 'Logged in', '2025-01-12 08:23:09'),
(551, 12, '', 'Registered', 'Registered', '2025-01-12 08:28:07'),
(552, 1, 'Admin', 'Logged in via Remember Me', 'Logged in via Remember Me', '2025-01-12 08:30:24'),
(553, 12, '', 'Logged in', 'Logged in', '2025-01-12 08:33:50'),
(554, 1, 'Admin', 'Logged in via Remember Me', 'Logged in via Remember Me', '2025-01-12 08:51:03'),
(555, 8, '', 'Logged in', 'Logged in', '2025-01-12 08:51:10'),
(556, 1, 'Admin', 'Logged in via Remember Me', 'Logged in via Remember Me', '2025-01-12 09:05:58'),
(557, 12, '', 'Logged in', 'Logged in', '2025-01-12 09:06:08'),
(558, 6, '', 'Logged in', 'Logged in', '2025-01-12 09:19:10'),
(559, 6, '', 'Logged in', 'Logged in', '2025-01-12 09:19:18'),
(560, 6, '', 'Logged in', 'Logged in', '2025-01-12 09:19:42'),
(561, 6, '', 'Logged in', 'Logged in', '2025-01-12 09:20:14'),
(562, 1, 'Admin', 'Logged in', 'Logged in', '2025-01-12 09:22:02'),
(563, 1, 'Admin', 'Logged in', 'Logged in', '2025-02-09 05:27:44'),
(564, 6, '', 'Logged in', 'Logged in', '2025-02-09 07:53:11'),
(565, 11, '', 'Logged in', 'Logged in', '2025-02-10 12:20:41'),
(566, 1, 'Admin', 'Logged in', 'Logged in', '2025-02-10 12:30:56'),
(567, 11, '', 'Logged in', 'Logged in', '2025-02-10 12:31:53'),
(568, 1, 'Admin', 'Logged in', 'Logged in', '2025-02-10 12:34:29'),
(569, 11, '', 'Logged in', 'Logged in', '2025-02-10 12:48:45'),
(570, 1, 'Admin', 'Logged in', 'Logged in', '2025-02-10 12:49:38'),
(571, 11, '', 'Logged in', 'Logged in', '2025-02-10 12:52:44'),
(572, 1, 'Admin', 'Logged in', 'Logged in', '2025-02-10 12:53:02'),
(573, 11, '', 'Logged in', 'Logged in', '2025-02-10 12:53:56'),
(574, 1, 'Admin', 'Logged in', 'Logged in', '2025-02-10 12:55:05'),
(575, 11, '', 'Logged in', 'Logged in', '2025-02-10 13:00:31'),
(576, 11, '', 'Logged in', 'Logged in', '2025-02-15 13:04:42'),
(577, 11, '', 'Logged in', 'Logged in', '2025-02-15 13:24:20'),
(578, 1, 'Admin', 'Logged in', 'Logged in', '2025-02-15 13:26:55'),
(579, 1, 'Admin', 'Logged in', 'Logged in', '2025-02-15 13:27:19'),
(580, 11, '', 'Logged in', 'Logged in', '2025-02-15 13:27:28'),
(581, 1, 'Admin', 'Logged in', 'Logged in', '2025-02-15 13:28:47'),
(582, 11, '', 'Logged in', 'Logged in', '2025-02-15 13:31:29'),
(583, 1, 'Admin', 'Logged in', 'Logged in', '2025-02-15 13:32:44'),
(584, 11, '', 'Logged in', 'Logged in', '2025-03-04 05:20:07'),
(585, 1, 'Admin', 'Logged in', 'Logged in', '2025-03-14 15:25:43'),
(586, 11, '', 'Logged in', 'Logged in', '2025-03-14 15:28:53'),
(587, 11, '', 'Logged in', 'Logged in', '2025-03-15 08:49:48'),
(588, 11, '', 'Logged in', 'Logged in', '2025-03-15 18:48:00'),
(589, 1, 'Admin', 'Logged in', 'Logged in', '2025-03-15 18:48:26'),
(590, 11, '', 'Logged in', 'Logged in', '2025-03-15 18:49:37'),
(591, 11, '', 'Logged in', 'Logged in', '2025-03-17 12:56:34'),
(592, 1, 'Admin', 'Logged in', 'Logged in', '2025-03-17 12:57:48'),
(593, 11, '', 'Logged in', 'Logged in', '2025-03-17 12:58:01'),
(594, 11, '', 'Logged in', 'Logged in', '2025-03-17 12:59:26'),
(595, 8, '', 'Logged in', 'Logged in', '2025-03-17 13:00:00'),
(596, 11, '', 'Logged in', 'Logged in', '2025-03-17 13:02:05'),
(597, 1, 'Admin', 'Logged in', 'Logged in', '2025-03-17 13:14:28'),
(598, 11, '', 'Logged in', 'Logged in', '2025-03-17 13:20:25'),
(599, 1, 'Admin', 'Logged in', 'Logged in', '2025-03-17 13:21:19'),
(600, 11, '', 'Logged in', 'Logged in', '2025-03-17 13:22:22'),
(601, 1, 'Admin', 'Logged in', 'Logged in', '2025-03-17 13:22:33'),
(602, 11, '', 'Logged in', 'Logged in', '2025-03-17 15:05:13'),
(603, 11, '', 'Logged in', 'Logged in', '2025-03-18 01:28:12'),
(604, 11, '', 'Logged in', 'Logged in', '2025-03-19 09:13:07'),
(605, 11, '', 'Logged in', 'Logged in', '2025-03-19 23:09:57'),
(606, 11, '', 'Logged in', 'Logged in', '2025-03-20 15:56:57'),
(607, 1, 'Admin', 'Logged in', 'Logged in', '2025-03-21 14:08:09'),
(608, 1, 'Admin', 'Logged in', 'Logged in', '2025-03-22 08:43:53'),
(609, 1, 'Admin', 'Logged in', 'Logged in', '2025-03-23 00:58:55'),
(610, 11, '', 'Logged in', 'Logged in', '2025-03-24 01:30:54'),
(611, 1, 'Admin', 'Logged in', 'Logged in', '2025-03-24 01:57:51'),
(612, 11, '', 'Logged in', 'Logged in', '2025-03-24 01:58:21'),
(613, 11, '', 'Logged in', 'Logged in', '2025-03-24 02:04:37'),
(614, 11, '', 'Logged in', 'Logged in', '2025-03-25 13:22:21'),
(615, 1, 'Admin', 'Logged in', 'Logged in', '2025-03-25 14:04:28'),
(616, 6, '', 'Logged in', 'Logged in', '2025-03-25 14:08:10'),
(617, 6, '', 'Logged in', 'Logged in', '2025-03-25 14:08:28'),
(618, 1, 'Admin', 'Logged in', 'Logged in', '2025-03-25 14:17:29'),
(619, 6, '', 'Logged in', 'Logged in', '2025-03-25 14:23:47'),
(620, 6, '', 'Logged in', 'Logged in', '2025-03-26 04:49:00'),
(621, 11, '', 'Logged in', 'Logged in', '2025-03-26 05:02:17'),
(622, 1, 'Admin', 'Logged in', 'Logged in', '2025-03-26 05:05:35'),
(623, 6, '', 'Logged in', 'Logged in', '2025-03-26 06:48:17'),
(624, 1, 'Admin', 'Logged in', 'Logged in', '2025-03-26 08:17:26'),
(625, 6, '', 'Logged in', 'Logged in', '2025-03-27 01:30:13'),
(626, 1, 'Admin', 'Logged in', 'Logged in', '2025-03-27 10:29:18'),
(627, 6, '', 'Logged in', 'Logged in', '2025-03-27 12:43:32'),
(628, 11, '', 'Logged in', 'Logged in', '2025-03-27 14:06:45'),
(629, 6, '', 'Logged in', 'Logged in', '2025-03-27 14:09:05'),
(630, 11, '', 'Logged in', 'Logged in', '2025-03-27 14:43:59'),
(631, 6, '', 'Logged in', 'Logged in', '2025-03-27 14:54:22'),
(632, 11, '', 'Logged in', 'Logged in', '2025-03-27 15:14:31'),
(633, 6, '', 'Logged in', 'Logged in', '2025-03-27 15:19:34'),
(634, 11, '', 'Logged in', 'Logged in', '2025-03-27 15:34:03'),
(635, 6, '', 'Logged in', 'Logged in', '2025-03-27 15:39:46'),
(636, 11, '', 'Logged in', 'Logged in', '2025-03-27 16:06:30'),
(637, 6, '', 'Logged in', 'Logged in', '2025-03-27 19:35:47'),
(638, 6, '', 'Logged in', 'Logged in', '2025-03-27 21:04:27'),
(639, 11, '', 'Logged in', 'Logged in', '2025-03-28 03:57:19'),
(640, 6, '', 'Logged in', 'Logged in', '2025-03-28 04:01:56'),
(641, 1, 'Admin', 'Logged in', 'Logged in', '2025-03-28 04:02:46'),
(642, 6, '', 'Logged in', 'Logged in', '2025-03-28 04:20:31'),
(643, 1, 'Admin', 'Logged in', 'Logged in', '2025-03-28 04:21:23'),
(644, 6, '', 'Logged in', 'Logged in', '2025-03-28 04:22:56'),
(645, 1, 'Admin', 'Logged in', 'Logged in', '2025-03-28 04:25:59'),
(646, 1, 'Admin', 'Logged in', 'Logged in', '2025-03-28 16:17:52'),
(647, 1, 'Admin', 'Logged in', 'Logged in', '2025-03-28 16:20:31'),
(648, 11, '', 'Logged in', 'Logged in', '2025-03-28 16:26:43'),
(649, 1, 'Admin', 'Logged in', 'Logged in', '2025-03-28 16:30:22'),
(650, 11, '', 'Logged in', 'Logged in', '2025-03-28 17:01:17'),
(651, 1, 'Admin', 'Logged in', 'Logged in', '2025-03-28 17:02:26'),
(652, 11, '', 'Logged in', 'Logged in', '2025-03-28 17:04:04'),
(653, 11, '', 'Logged in', 'Logged in', '2025-03-28 23:36:03'),
(654, 1, 'Admin', 'Logged in', 'Logged in', '2025-03-28 23:36:19'),
(655, 1, 'Admin', 'Logged in', 'Logged in', '2025-03-29 01:54:50'),
(656, 1, 'Admin', 'Logged in', 'Logged in', '2025-03-29 02:46:47'),
(657, 1, 'Admin', 'Logged in', 'Logged in', '2025-03-29 04:03:06'),
(658, 11, '', 'Logged in', 'Logged in', '2025-03-29 04:07:01'),
(659, 1, 'Admin', 'Logged in', 'Logged in', '2025-03-29 04:09:16'),
(660, 11, '', 'Logged in', 'Logged in', '2025-03-29 04:10:32'),
(661, 6, '', 'Logged in', 'Logged in', '2025-03-29 04:10:54'),
(662, 6, '', 'Logged in', 'Logged in', '2025-03-29 04:12:09'),
(663, 11, '', 'Logged in', 'Logged in', '2025-03-29 04:13:10'),
(664, 1, 'Admin', 'Logged in', 'Logged in', '2025-03-29 04:13:28'),
(665, 11, '', 'Logged in', 'Logged in', '2025-03-29 04:25:40'),
(666, 6, '', 'Logged in', 'Logged in', '2025-03-29 04:28:01'),
(667, 11, '', 'Logged in', 'Logged in', '2025-03-29 04:28:54'),
(668, 1, 'Admin', 'Logged in', 'Logged in', '2025-03-29 04:30:02'),
(669, 11, '', 'Logged in', 'Logged in', '2025-03-29 04:30:34'),
(670, 1, 'Admin', 'Logged in', 'Logged in', '2025-03-29 04:36:38'),
(671, 11, '', 'Logged in', 'Logged in', '2025-03-29 04:40:09'),
(672, 1, 'Admin', 'Logged in', 'Logged in', '2025-03-29 04:40:42'),
(673, 11, '', 'Logged in', 'Logged in', '2025-03-29 04:41:09'),
(674, 1, 'Admin', 'Logged in', 'Logged in', '2025-03-29 04:41:41'),
(675, 11, '', 'Logged in', 'Logged in', '2025-03-29 05:05:21'),
(676, 1, 'Admin', 'Logged in', 'Logged in', '2025-03-29 05:06:08'),
(677, 11, '', 'Logged in', 'Logged in', '2025-03-29 09:25:35'),
(678, 1, 'Admin', 'Logged in', 'Logged in', '2025-03-29 09:32:04'),
(679, 1, 'Admin', 'Logged in', 'Logged in', '2025-03-29 09:56:22'),
(680, 1, 'Admin', 'Logged in', 'Logged in', '2025-03-29 12:59:28'),
(681, 11, '', 'Logged in', 'Logged in', '2025-03-29 12:59:40'),
(682, 11, '', 'Logged in', 'Logged in', '2025-03-29 12:59:52'),
(683, 1, 'Admin', 'Logged in', 'Logged in', '2025-03-29 13:31:18'),
(684, 11, '', 'Logged in', 'Logged in', '2025-03-29 13:34:08'),
(685, 11, '', 'Logged in', 'Logged in', '2025-03-29 13:39:39'),
(686, 11, '', 'Logged in', 'Logged in', '2025-03-29 13:40:43'),
(687, 1, 'Admin', 'Logged in', 'Logged in', '2025-03-29 13:43:16'),
(688, 11, '', 'Logged in', 'Logged in', '2025-03-29 13:55:38'),
(689, 11, '', 'Logged in', 'Logged in', '2025-03-29 13:58:29'),
(690, 11, '', 'Logged in', 'Logged in', '2025-03-29 14:06:47'),
(691, 1, 'Admin', 'Logged in', 'Logged in', '2025-03-29 14:07:01'),
(692, 6, '', 'Logged in', 'Logged in', '2025-03-29 14:21:04'),
(693, 1, 'Admin', 'Logged in', 'Logged in', '2025-03-29 14:23:05'),
(694, 6, '', 'Logged in', 'Logged in', '2025-03-29 14:23:27'),
(695, 1, 'Admin', 'Logged in', 'Logged in', '2025-03-29 14:28:18'),
(696, 6, '', 'Logged in', 'Logged in', '2025-03-29 14:38:39'),
(697, 1, 'Admin', 'Logged in', 'Logged in', '2025-03-29 14:45:27'),
(698, 11, '', 'Logged in', 'Logged in', '2025-04-02 05:29:50'),
(699, 1, 'Admin', 'Logged in', 'Logged in', '2025-04-02 07:01:07'),
(700, 1, 'Admin', 'Logged in', 'Logged in', '2025-04-02 07:04:36'),
(701, 6, '', 'Logged in', 'Logged in', '2025-04-02 14:18:22');
INSERT INTO `activity_logs` (`id`, `user_id`, `user_type`, `action`, `details`, `created_at`) VALUES
(702, 11, '', 'Logged in', 'Logged in', '2025-04-02 14:18:33'),
(703, 11, '', 'Logged in', 'Logged in', '2025-04-04 14:11:57'),
(704, 1, 'Admin', 'Logged in', 'Logged in', '2025-04-04 14:12:37'),
(705, 11, '', 'Logged in', 'Logged in', '2025-04-04 14:13:57'),
(706, 1, 'Admin', 'Logged in', 'Logged in', '2025-04-04 14:44:13'),
(707, 11, '', 'Logged in', 'Logged in', '2025-04-04 14:54:58'),
(708, 1, 'Admin', 'Logged in', 'Logged in', '2025-04-04 15:14:54'),
(709, 11, '', 'Logged in', 'Logged in', '2025-04-04 15:16:15'),
(710, 1, 'Admin', 'Logged in', 'Logged in', '2025-04-04 15:38:39'),
(711, 1, 'Admin', 'Logged in', 'Logged in', '2025-04-04 16:01:12'),
(712, 11, '', 'Logged in', 'Logged in', '2025-04-07 05:49:06'),
(713, 6, '', 'Logged in', 'Logged in', '2025-04-07 05:49:17'),
(714, 5, '', 'Logged in', 'Logged in', '2025-04-07 05:50:22'),
(715, 5, '', 'Logged in', 'Logged in', '2025-04-07 05:50:58'),
(716, 5, '', 'Logged in', 'Logged in', '2025-04-07 05:51:42'),
(717, 6, '', 'Logged in', 'Logged in', '2025-04-07 05:59:36'),
(718, 1, 'Admin', 'Logged in', 'Logged in', '2025-04-07 05:59:45'),
(719, 11, '', 'Logged in', 'Logged in', '2025-04-07 05:59:55'),
(720, 5, '', 'Logged in', 'Logged in', '2025-04-07 06:00:14'),
(721, 11, '', 'Logged in', 'Logged in', '2025-04-07 06:01:18'),
(722, 11, '', 'Logged in', 'Logged in', '2025-04-07 06:07:49'),
(723, 1, 'Admin', 'Logged in', 'Logged in', '2025-04-07 06:08:00'),
(724, 1, 'Admin', 'Logged in', 'Logged in', '2025-04-07 06:16:26'),
(725, 11, '', 'Logged in', 'Logged in', '2025-04-07 06:31:01'),
(726, 1, 'Admin', 'Logged in', 'Logged in', '2025-04-07 06:31:38'),
(727, 11, '', 'Logged in', 'Logged in', '2025-04-07 06:33:39'),
(728, 11, '', 'Logged in', 'Logged in', '2025-04-07 06:42:01'),
(729, 1, 'Admin', 'Logged in', 'Logged in', '2025-04-07 06:58:56'),
(730, 11, '', 'Logged in', 'Logged in', '2025-04-07 06:59:07'),
(731, 8, '', 'Logged in', 'Logged in', '2025-04-07 07:11:06'),
(732, 11, '', 'Logged in', 'Logged in', '2025-04-07 07:22:29'),
(733, 1, 'Admin', 'Logged in', 'Logged in', '2025-04-07 07:22:41'),
(734, 6, '', 'Logged in', 'Logged in', '2025-04-07 07:30:24'),
(735, 5, '', 'Logged in', 'Logged in', '2025-04-07 07:30:32'),
(736, 7, '', 'Logged in', 'Logged in', '2025-04-07 07:31:42'),
(737, 11, '', 'Logged in', 'Logged in', '2025-04-07 07:33:13'),
(738, 11, '', 'Logged in', 'Logged in', '2025-04-07 07:43:56'),
(739, 11, '', 'Logged in', 'Logged in', '2025-04-07 07:44:15'),
(740, 11, '', 'Logged in', 'Logged in', '2025-04-07 07:59:57'),
(741, 1, 'Admin', 'Logged in', 'Logged in', '2025-04-07 08:36:52'),
(742, 11, '', 'Logged in', 'Logged in', '2025-04-07 08:40:11'),
(743, 11, '', 'Logged in', 'Logged in', '2025-04-28 12:44:51'),
(744, 7, '', 'Logged in', 'Logged in', '2025-04-28 12:48:25'),
(745, 6, '', 'Logged in', 'Logged in', '2025-04-28 12:53:18'),
(746, 5, '', 'Logged in', 'Logged in', '2025-04-28 12:53:34'),
(747, 1, 'Admin', 'Logged in', 'Logged in', '2025-04-28 12:55:22'),
(748, 11, '', 'Logged in', 'Logged in', '2025-04-28 12:56:08'),
(749, 1, 'Admin', 'Logged in', 'Logged in', '2025-04-28 12:56:51'),
(750, 11, '', 'Logged in', 'Logged in', '2025-04-28 13:00:20'),
(751, 13, '', 'Registered', 'Registered', '2025-04-28 13:09:05'),
(752, 1, 'Admin', 'Logged in', 'Logged in', '2025-04-28 13:11:18'),
(753, 11, '', 'Logged in', 'Logged in', '2025-04-28 13:14:37'),
(754, 1, 'Admin', 'Logged in', 'Logged in', '2025-04-28 16:21:14'),
(755, 11, '', 'Logged in', 'Logged in', '2025-04-30 07:43:21'),
(756, 1, 'Admin', 'Logged in', 'Logged in', '2025-04-30 07:45:07'),
(757, 1, 'Admin', 'Logged in', 'Logged in', '2025-05-02 05:41:21'),
(758, 11, '', 'Logged in', 'Logged in', '2025-05-02 05:48:35'),
(759, 1, 'Admin', 'Logged in', 'Logged in', '2025-05-02 05:48:53'),
(760, 11, '', 'Logged in', 'Logged in', '2025-05-02 05:49:39'),
(761, 1, 'Admin', 'Logged in', 'Logged in', '2025-05-02 05:53:12'),
(762, 11, '', 'Logged in', 'Logged in', '2025-05-02 06:15:34'),
(763, 13, '', 'Logged in', 'Logged in', '2025-05-02 06:50:45'),
(764, 13, '', 'Logged in', 'Logged in', '2025-05-02 06:51:07'),
(765, 13, '', 'Logged in', 'Logged in', '2025-05-02 07:28:32'),
(766, 11, '', 'Logged in', 'Logged in', '2025-05-02 07:33:19'),
(767, 1, 'Admin', 'Logged in', 'Logged in', '2025-05-06 06:00:47'),
(768, 11, '', 'Logged in', 'Logged in', '2025-05-06 13:11:15'),
(769, 1, 'Admin', 'Logged in', 'Logged in', '2025-05-07 13:54:45'),
(770, 1, 'Admin', 'Logged in', 'Logged in', '2025-05-07 13:56:48'),
(771, 13, '', 'Logged in', 'Logged in', '2025-05-07 13:57:34'),
(772, 1, 'Admin', 'Logged in', 'Logged in', '2025-05-07 14:00:01'),
(773, 13, '', 'Logged in', 'Logged in', '2025-05-07 14:06:02'),
(774, 1, 'Admin', 'Logged in', 'Logged in', '2025-05-07 14:11:17'),
(775, 13, '', 'Logged in', 'Logged in', '2025-05-07 14:13:19'),
(776, 1, 'Admin', 'Logged in', 'Logged in', '2025-05-07 14:19:19'),
(777, 13, '', 'Logged in', 'Logged in', '2025-05-07 14:24:00'),
(778, 1, 'Admin', 'Logged in', 'Logged in', '2025-05-07 14:45:20'),
(779, 11, '', 'Logged in', 'Logged in', '2025-05-07 14:47:45'),
(780, 1, 'Admin', 'Logged in', 'Logged in', '2025-05-07 14:52:46'),
(781, 13, '', 'Logged in', 'Logged in', '2025-05-07 15:32:46'),
(782, 11, '', 'Logged in', 'Logged in', '2025-05-07 15:32:54'),
(783, 1, 'Admin', 'Logged in', 'Logged in', '2025-05-07 15:41:05'),
(784, 11, '', 'Logged in', 'Logged in', '2025-05-07 15:42:08'),
(785, 1, 'Admin', 'Logged in', 'Logged in', '2025-05-07 16:33:36'),
(786, 1, 'Admin', 'Logged in', 'Logged in', '2025-05-08 02:14:44'),
(787, 6, '', 'Logged in', 'Logged in', '2025-05-08 02:15:16'),
(788, 1, 'Admin', 'Logged in', 'Logged in', '2025-05-08 02:16:05'),
(789, 1, 'Admin', 'Logged in', 'Logged in', '2025-05-08 10:17:35'),
(790, 1, 'Admin', 'Logged in', 'Logged in', '2025-05-08 10:23:33'),
(791, 11, '', 'Logged in', 'Logged in', '2025-05-08 11:32:18'),
(792, 1, 'Admin', 'Logged in', 'Logged in', '2025-05-08 11:34:04'),
(793, 11, '', 'Logged in', 'Logged in', '2025-05-08 14:40:09'),
(794, 1, 'Admin', 'Logged in', 'Logged in', '2025-05-08 14:43:45'),
(795, 11, '', 'Logged in', 'Logged in', '2025-05-08 15:36:40'),
(796, 1, 'Admin', 'Logged in', 'Logged in', '2025-05-08 15:37:18'),
(797, 1, 'Admin', 'Logged in', 'Logged in', '2025-05-09 05:23:32'),
(798, 11, '', 'Logged in', 'Logged in', '2025-05-16 09:59:16'),
(799, 1, 'Admin', 'Logged in', 'Logged in', '2025-05-16 09:59:36'),
(800, 11, '', 'Logged in', 'Logged in', '2025-05-20 06:14:51'),
(801, 11, '', 'Logged in', 'Logged in', '2025-06-05 05:51:35'),
(802, 1, 'Admin', 'Logged in', 'Logged in', '2025-06-05 05:52:38'),
(803, 1, 'Admin', 'Logged in', 'Logged in', '2025-06-05 13:55:22'),
(804, 11, '', 'Logged in', 'Logged in', '2025-06-05 13:59:06'),
(805, 1, 'Admin', 'Logged in', 'Logged in', '2025-06-05 14:33:21'),
(806, 1, 'Admin', 'Logged in', 'Logged in', '2025-06-05 14:36:13'),
(807, 11, '', 'Logged in', 'Logged in', '2025-06-05 14:48:04'),
(808, 1, 'Admin', 'Logged in', 'Logged in', '2025-06-05 14:50:09'),
(809, 11, '', 'Logged in', 'Logged in', '2025-06-05 14:56:21'),
(810, 1, 'Admin', 'Logged in', 'Logged in', '2025-06-05 14:57:07'),
(811, 11, '', 'Logged in', 'Logged in', '2025-06-05 14:57:43'),
(812, 1, 'Admin', 'Logged in', 'Logged in', '2025-06-05 15:03:12'),
(813, 11, '', 'Logged in', 'Logged in', '2025-06-05 15:04:18'),
(814, 1, 'Admin', 'Logged in', 'Logged in', '2025-06-05 15:04:37'),
(815, 11, '', 'Logged in', 'Logged in', '2025-06-05 15:05:13'),
(816, 1, 'Admin', 'Logged in', 'Logged in', '2025-06-05 15:05:31'),
(817, 11, '', 'Logged in', 'Logged in', '2025-06-05 15:06:00'),
(818, 1, 'Admin', 'Logged in', 'Logged in', '2025-06-05 15:11:24'),
(819, 11, '', 'Logged in', 'Logged in', '2025-06-05 15:12:24'),
(820, 1, 'Admin', 'Logged in', 'Logged in', '2025-06-05 15:20:23'),
(821, 11, '', 'Logged in', 'Logged in', '2025-06-05 15:31:17'),
(822, 1, 'Admin', 'Logged in', 'Logged in', '2025-06-05 15:36:18'),
(823, 11, '', 'Logged in', 'Logged in', '2025-06-05 15:47:45'),
(824, 1, 'Admin', 'Logged in', 'Logged in', '2025-06-05 15:48:45'),
(825, 11, '', 'Logged in', 'Logged in', '2025-06-05 15:50:59'),
(826, 1, 'Admin', 'Logged in', 'Logged in', '2025-06-05 15:51:17'),
(827, 11, '', 'Logged in', 'Logged in', '2025-06-05 15:52:20'),
(828, 1, 'Admin', 'Logged in', 'Logged in', '2025-06-05 15:55:42'),
(829, 11, '', 'Logged in', 'Logged in', '2025-06-05 16:03:46'),
(830, 1, 'Admin', 'Logged in', 'Logged in', '2025-06-05 16:04:03'),
(831, 11, '', 'Logged in', 'Logged in', '2025-06-05 16:28:35'),
(832, 1, 'Admin', 'Logged in', 'Logged in', '2025-06-05 16:36:22'),
(833, 11, '', 'Logged in', 'Logged in', '2025-06-05 16:39:53'),
(834, 1, 'Admin', 'Logged in', 'Logged in', '2025-06-05 16:40:46'),
(835, 11, '', 'Logged in', 'Logged in', '2025-06-05 16:41:32'),
(836, 11, '', 'Logged in', 'Logged in', '2025-06-05 23:50:09'),
(837, 1, 'Admin', 'Logged in', 'Logged in', '2025-06-05 23:58:29'),
(838, 14, '', 'Registered', 'Registered', '2025-06-06 05:40:51'),
(839, 15, '', 'Registered', 'Registered', '2025-06-07 06:04:02'),
(840, 15, '', 'Registered', 'Registered', '2025-06-07 06:25:55'),
(841, 1, 'Admin', 'Logged in', 'Logged in', '2025-06-07 06:26:21'),
(842, 15, '', 'Registered', 'Registered', '2025-06-07 06:48:08'),
(843, 15, '', 'Registered', 'Registered', '2025-06-07 06:50:31'),
(844, 15, '', 'Logged in', 'Logged in', '2025-06-07 06:52:33'),
(845, 11, '', 'Logged in', 'Logged in', '2025-06-08 06:44:44'),
(846, 1, 'Admin', 'Logged in', 'Logged in', '2025-06-08 06:46:22');

-- --------------------------------------------------------

--
-- Table structure for table `announcements`
--

CREATE TABLE `announcements` (
  `id` int(11) NOT NULL,
  `name` varchar(255) NOT NULL,
  `image` varchar(255) NOT NULL,
  `date` date NOT NULL,
  `day` varchar(20) DEFAULT NULL,
  `created_at` timestamp NOT NULL DEFAULT current_timestamp()
) ENGINE=InnoDB DEFAULT CHARSET=utf8mb4 COLLATE=utf8mb4_general_ci;

--
-- Dumping data for table `announcements`
--

INSERT INTO `announcements` (`id`, `name`, `image`, `date`, `day`, `created_at`) VALUES
(19, 'Health Seminar', '675868298e516.jpeg', '2024-12-12', 'Thursday', '2024-12-10 15:56:47'),
(20, 'Subsidy', '67586413841d0_sub.jpeg', '2024-12-23', 'Monday', '2024-12-10 15:53:55'),
(21, 'Christmas Party', '6758642270aaa_christmas.jpeg', '2024-12-24', 'Tuesday', '2024-12-10 15:54:10'),
(22, 'Annual General Meeting', '67586442c0fb1_annual.jpeg', '2024-12-18', 'Wednesday', '2024-12-10 15:54:42'),
(23, 'Annual General Assembly', '6758644c2c2ca_ass.jpeg', '2024-12-20', 'Friday', '2024-12-10 15:54:52'),
(24, 'New Year Celebration', '6758645a1f440_new.jpeg', '2024-12-31', 'Tuesday', '2024-12-10 15:55:06'),
(25, 'Valentine\'s Day Event', '6758646fc641b_val.jpeg', '2025-02-14', 'Friday', '2024-12-10 15:55:27'),
(26, 'Community Cleanup', '6758647d03663_com.jpeg', '2024-12-22', 'Sunday', '2024-12-10 15:55:41');

-- --------------------------------------------------------

--
-- Table structure for table `appointments`
--

CREATE TABLE `appointments` (
  `id` int(11) NOT NULL,
  `first_name` varchar(100) DEFAULT NULL,
  `last_name` varchar(100) DEFAULT NULL,
  `email` varchar(100) DEFAULT NULL,
  `description` varchar(255) DEFAULT NULL,
  `share_capital` int(11) DEFAULT NULL,
  `savings` int(11) DEFAULT NULL,
  `membership_fee` int(11) DEFAULT NULL,
  `insurance` decimal(10,2) DEFAULT NULL,
  `total_amount` decimal(10,2) DEFAULT NULL,
  `ModeOfPayment` varchar(255) DEFAULT NULL,
  `payable_amount` decimal(10,0) NOT NULL,
  `payable_date` date DEFAULT NULL,
  `appointmentdate` date DEFAULT NULL,
  `user_id` varchar(255) DEFAULT NULL,
  `serviceID` int(11) DEFAULT NULL,
  `status` enum('Pending','Approved','Disapproved','Cancelled') DEFAULT 'Pending',
  `LoanID` int(11) DEFAULT NULL,
  `SavingsID` int(11) DEFAULT NULL,
  `ShareCapitalID` int(11) DEFAULT NULL
) ENGINE=InnoDB DEFAULT CHARSET=utf8mb4 COLLATE=utf8mb4_general_ci;

--
-- Dumping data for table `appointments`
--

INSERT INTO `appointments` (`id`, `first_name`, `last_name`, `email`, `description`, `share_capital`, `savings`, `membership_fee`, `insurance`, `total_amount`, `ModeOfPayment`, `payable_amount`, `payable_date`, `appointmentdate`, `user_id`, `serviceID`, `status`, `LoanID`, `SavingsID`, `ShareCapitalID`) VALUES
(162, 'Rick Paolo', 'Camba', 'rickpaolocamba@gmail.com', 'Savings Deposit', NULL, NULL, NULL, NULL, NULL, NULL, 10000, NULL, '2025-06-06', '11', 14, 'Approved', NULL, 71, NULL),
(163, 'Rick Paolo', 'Camba', 'rickpaolocamba@gmail.com', 'Savings Withdrawal', NULL, NULL, NULL, NULL, NULL, NULL, 1000, NULL, '2025-06-06', '11', 21, 'Approved', NULL, 72, NULL),
(164, 'Rick Paolo', 'Camba', 'rickpaolocamba@gmail.com', 'Share Capital Deposit', NULL, NULL, NULL, NULL, NULL, NULL, 0, NULL, '2025-06-06', '11', NULL, 'Approved', NULL, NULL, NULL),
(165, 'Rick Paolo', 'Camba', 'rickpaolocamba@gmail.com', 'Savings Deposit', NULL, NULL, NULL, NULL, NULL, NULL, 0, NULL, '2025-06-06', '11', NULL, 'Approved', NULL, NULL, NULL),
(166, 'Rick Paolo', 'Camba', 'rickpaolocamba@gmail.com', 'Savings Deposit', NULL, NULL, NULL, NULL, NULL, NULL, 0, NULL, '2025-06-06', '11', NULL, 'Approved', NULL, NULL, NULL),
(167, 'Rick Paolo', 'Camba', 'rickpaolocamba@gmail.com', 'Savings Withdrawal', NULL, NULL, NULL, NULL, NULL, NULL, 0, NULL, '2025-06-06', '11', NULL, 'Approved', NULL, NULL, NULL),
(168, 'Rick Paolo', 'Camba', 'rickpaolocamba@gmail.com', 'Savings Deposit', NULL, NULL, NULL, NULL, NULL, NULL, 40000, NULL, '2025-06-06', '11', 14, 'Approved', NULL, 76, NULL),
(169, 'Rick Paolo', 'Camba', 'rickpaolocamba@gmail.com', 'Savings Deposit', NULL, NULL, NULL, NULL, NULL, NULL, 0, NULL, '2025-06-06', '11', NULL, 'Approved', NULL, NULL, NULL),
(170, 'Rick Paolo', 'Camba', 'rickpaolocamba@gmail.com', 'Savings Deposit', NULL, NULL, NULL, NULL, NULL, NULL, 10000, NULL, '2025-06-06', '11', 14, 'Approved', NULL, 78, NULL),
(171, 'Rick Paolo', 'Camba', 'rickpaolocamba@gmail.com', 'Savings Deposit', NULL, NULL, NULL, NULL, NULL, NULL, 1000, NULL, '2025-06-06', '11', 14, 'Approved', NULL, 79, NULL),
(172, 'Rick Paolo', 'Camba', 'rickpaolocamba@gmail.com', 'Savings Withdrawal', NULL, NULL, NULL, NULL, NULL, NULL, 20000, NULL, '2025-06-07', '11', 21, 'Approved', NULL, 80, NULL),
(173, 'Rick Paolo', 'Camba', 'rickpaolocamba@gmail.com', 'Savings Deposit', NULL, NULL, NULL, NULL, NULL, NULL, 0, NULL, '2025-06-06', '11', NULL, 'Approved', NULL, NULL, NULL),
(174, 'Rick Paolo', 'Camba', 'rickpaolocamba@gmail.com', 'Savings Withdrawal', NULL, NULL, NULL, NULL, NULL, NULL, 7000, NULL, '2025-06-08', '11', 21, 'Approved', NULL, 81, NULL),
(175, 'Rick Paolo', 'Camba', 'rickpaolocamba@gmail.com', 'Savings Deposit', NULL, NULL, NULL, NULL, NULL, NULL, 50000, NULL, '2025-06-06', '11', 14, 'Approved', NULL, 82, NULL),
(176, 'Rick Paolo', 'Camba', 'rickpaolocamba@gmail.com', 'Savings Deposit', NULL, NULL, NULL, NULL, NULL, NULL, 10000, NULL, '2025-06-07', '11', 14, 'Approved', NULL, 83, NULL),
(177, 'Rick Paolo', 'Camba', 'rickpaolocamba@gmail.com', 'Savings Deposit', NULL, NULL, NULL, NULL, NULL, NULL, 20000, NULL, '2025-06-06', '11', 14, 'Approved', NULL, 84, NULL),
(178, 'Rick Paolo', 'Camba', 'rickpaolocamba@gmail.com', 'Savings Deposit', NULL, NULL, NULL, NULL, NULL, NULL, 20000, NULL, '2025-06-07', '11', 14, 'Approved', NULL, 85, NULL),
(179, 'Rick Paolo', 'Camba', 'rickpaolocamba@gmail.com', 'Savings Deposit', NULL, NULL, NULL, NULL, NULL, NULL, 10000, NULL, '2025-06-06', '11', 14, 'Approved', NULL, 86, NULL),
(180, 'Rick Paolo', 'Camba', 'rickpaolocamba@gmail.com', 'Savings Withdrawal', NULL, NULL, NULL, NULL, NULL, NULL, 40000, NULL, '2025-06-06', '11', 21, 'Approved', NULL, 87, NULL),
(181, 'Rick Paolo', 'Camba', 'rickpaolocamba@gmail.com', 'Savings Deposit', NULL, NULL, NULL, NULL, NULL, NULL, 0, NULL, '2025-06-06', '11', NULL, 'Approved', NULL, NULL, NULL),
(182, 'Rick Paolo', 'Camba', 'rickpaolocamba@gmail.com', 'Savings Withdrawal', NULL, NULL, NULL, NULL, NULL, NULL, 0, NULL, '2025-06-06', '11', NULL, 'Approved', NULL, NULL, NULL),
(183, 'Rick Paolo', 'Camba', 'rickpaolocamba@gmail.com', 'Savings Deposit', NULL, NULL, NULL, NULL, NULL, NULL, 0, NULL, '2025-06-06', '11', NULL, 'Approved', NULL, NULL, NULL),
(184, 'Rick Paolo', 'Camba', 'rickpaolocamba@gmail.com', 'Savings Deposit', NULL, NULL, NULL, NULL, NULL, NULL, 0, NULL, '2025-06-06', '11', NULL, 'Approved', NULL, NULL, NULL),
(185, 'Rick Paolo', 'Camba', 'rickpaolocamba@gmail.com', 'Savings Deposit', NULL, NULL, NULL, NULL, NULL, NULL, 0, NULL, '2025-06-06', '11', NULL, 'Approved', NULL, NULL, NULL),
(186, 'Rick Paolo', 'Camba', 'rickpaolocamba@gmail.com', 'Savings Deposit', NULL, NULL, NULL, NULL, NULL, NULL, 0, NULL, '2025-06-06', '11', NULL, 'Approved', NULL, NULL, NULL),
(187, 'Jan', 'Carlos', 'Rickcamba2003@gmail.com', 'Savings Deposit', NULL, NULL, NULL, NULL, NULL, NULL, 0, NULL, '2025-06-06', '13', NULL, 'Approved', NULL, NULL, NULL),
(188, 'Jan', 'Carlos', 'Rickcamba2003@gmail.com', 'Savings Deposit', NULL, NULL, NULL, NULL, NULL, NULL, 0, NULL, '2025-06-06', '13', NULL, 'Approved', NULL, NULL, NULL),
(189, 'Jan', 'Carlos', 'Rickcamba2003@gmail.com', 'Savings Deposit', NULL, NULL, NULL, NULL, NULL, NULL, 0, NULL, '2025-06-06', '13', NULL, 'Approved', NULL, NULL, NULL),
(190, 'Jan', 'Carlos', 'Rickcamba2003@gmail.com', 'Savings Deposit', NULL, NULL, NULL, NULL, NULL, NULL, 0, NULL, '2025-06-06', '13', NULL, 'Approved', NULL, NULL, NULL),
(191, 'John', 'Doe', 'chrisdoe@gmail.com', 'Savings Deposit', NULL, NULL, NULL, NULL, NULL, NULL, 0, NULL, '2025-06-06', '8', NULL, 'Approved', NULL, 98, NULL),
(192, 'Rick Paolo', 'Camba', 'rickpaolocamba@gmail.com', 'Savings Deposit', NULL, NULL, NULL, NULL, NULL, NULL, 0, NULL, '2025-06-06', '11', NULL, 'Approved', NULL, 99, NULL),
(193, 'Rick Paolo', 'Camba', 'rickpaolocamba@gmail.com', 'Savings Withdrawal', NULL, NULL, NULL, NULL, NULL, NULL, 0, NULL, '2025-06-06', '11', NULL, 'Approved', NULL, 100, NULL),
(194, 'Rick Paolo', 'Camba', 'rickpaolocamba@gmail.com', 'Savings Deposit', NULL, NULL, NULL, NULL, NULL, NULL, 0, NULL, '2025-06-06', '11', NULL, 'Approved', NULL, 101, NULL),
(195, 'Rick Paolo', 'Camba', 'rickpaolocamba@gmail.com', 'Savings Deposit', NULL, NULL, NULL, NULL, NULL, NULL, 0, NULL, '2025-06-06', '11', NULL, 'Approved', NULL, 102, NULL),
(196, 'Rick Paolo', 'Camba', 'rickpaolocamba@gmail.com', 'Savings Deposit', NULL, NULL, NULL, NULL, NULL, NULL, 5000, NULL, '2025-06-06', '11', 14, 'Approved', NULL, 103, NULL),
(197, 'Rick Paolo', 'Camba', 'rickpaolocamba@gmail.com', 'Savings Deposit', NULL, NULL, NULL, NULL, NULL, NULL, 100, NULL, '2025-06-06', '11', 14, 'Approved', NULL, 104, NULL),
(198, 'Rick Paolo', 'Camba', 'rickpaolocamba@gmail.com', 'Savings Deposit', NULL, NULL, NULL, NULL, NULL, NULL, 105, NULL, '2025-06-06', '11', 14, 'Approved', NULL, 105, NULL),
(199, 'Rick Paolo', 'Camba', 'rickpaolocamba@gmail.com', 'Savings Deposit', NULL, NULL, NULL, NULL, NULL, NULL, 0, NULL, '2025-06-06', '11', NULL, 'Approved', NULL, 106, NULL),
(200, 'Rick Paolo', 'Camba', 'rickpaolocamba@gmail.com', 'Share Capital Deposit', NULL, NULL, NULL, NULL, NULL, NULL, 10000, NULL, '2025-06-07', '11', 15, 'Approved', NULL, NULL, 30),
(205, 'Rick Paolo', 'Camba', 'rickpaolocamba@gmail.com', 'Share Capital Deposit', NULL, NULL, NULL, NULL, NULL, NULL, 500, NULL, '2025-06-14', '11', 15, 'Approved', NULL, NULL, 35),
(206, 'Rick Paolo', 'Camba', 'rickpaolocamba@gmail.com', 'Share Capital Deposit', NULL, NULL, NULL, NULL, NULL, NULL, 40000, NULL, '2025-06-06', '11', 15, 'Approved', NULL, NULL, 36),
(207, 'Jan', 'Carlos', 'Rickcamba2003@gmail.com', 'Share Capital Deposit', NULL, NULL, NULL, NULL, NULL, NULL, 0, NULL, '2025-06-06', '13', NULL, 'Approved', NULL, NULL, 37),
(208, 'Jan', 'Carlos', 'Rickcamba2003@gmail.com', 'Share Capital Deposit', NULL, NULL, NULL, NULL, NULL, NULL, 0, NULL, '2025-06-06', '13', NULL, 'Approved', NULL, NULL, 38),
(209, 'Jan', 'Carlos', 'Rickcamba2003@gmail.com', 'Share Capital Deposit', NULL, NULL, NULL, NULL, NULL, NULL, 0, NULL, '2025-06-06', '13', NULL, 'Approved', NULL, NULL, 39),
(210, 'Jan', 'Carlos', 'Rickcamba2003@gmail.com', 'Share Capital Deposit', NULL, NULL, NULL, NULL, NULL, NULL, 0, NULL, '2025-06-06', '13', NULL, 'Approved', NULL, NULL, 40),
(211, 'Rick Paolo', 'Camba', 'rickpaolocamba@gmail.com', 'Share Capital Deposit', NULL, NULL, NULL, NULL, NULL, NULL, 0, NULL, '2025-06-06', '11', NULL, 'Approved', NULL, NULL, 41),
(212, 'James', 'Bond', 'camba.estembee21@gmail.com', 'Membership Payment', 5000, 1000, 300, 450.00, 6750.00, NULL, 0, NULL, '2025-06-20', '14', 13, 'Pending', NULL, NULL, NULL),
(213, 'James', 'Bond', 'camba.estembee21@gmail.com', 'Membership Payment', 5000, 1000, 300, 450.00, 6750.00, NULL, 0, NULL, '2025-06-20', '14', 13, 'Pending', NULL, NULL, NULL),
(216, 'Rick Paolo', 'Camba', 'rickrickrick@gmail.com', 'Membership Payment', 4000, 1000, 300, 450.00, 5750.00, NULL, 5750, NULL, '2025-06-12', '15', 13, 'Approved', NULL, NULL, NULL),
(217, 'Rick Paolo', 'Camba', 'rickrickrick@gmail.com', 'Share Capital Deposit', NULL, NULL, NULL, NULL, NULL, NULL, 0, NULL, '2025-06-07', '15', NULL, 'Approved', NULL, NULL, 42),
(218, 'Rick Paolo', 'Camba', 'rickrickrick@gmail.com', 'Share Capital Deposit', NULL, NULL, NULL, NULL, NULL, NULL, 0, NULL, '2025-06-07', '15', NULL, 'Approved', NULL, NULL, 43),
(219, 'Rick Paolo', 'Camba', 'rickpaolocamba@gmail.com', 'Savings Deposit', NULL, NULL, NULL, NULL, NULL, NULL, 0, NULL, '2025-06-08', '11', NULL, 'Approved', NULL, 107, NULL),
(220, 'Rick', 'Paolo Camba', 'rickpaolocamba@gmail.com', 'Life Insurance', NULL, NULL, NULL, NULL, NULL, NULL, 0, NULL, '2025-06-14', '11', 2, 'Cancelled', NULL, NULL, NULL),
(221, 'Rick', 'Paolo Camba', 'rickpaolocamba@gmail.com', 'Medical Consultation', NULL, NULL, NULL, NULL, NULL, NULL, 0, NULL, '2025-06-14', '11', 5, 'Cancelled', NULL, NULL, NULL),
(222, 'Rick', 'Paolo Camba', 'rickpaolocamba@gmail.com', 'Life Insurance', NULL, NULL, NULL, NULL, NULL, NULL, 0, NULL, '2025-06-08', '11', 2, 'Pending', NULL, NULL, NULL);

-- --------------------------------------------------------

--
-- Table structure for table `collateral_info`
--

CREATE TABLE `collateral_info` (
  `CollateralID` int(11) NOT NULL,
  `LoanID` int(11) NOT NULL,
  `userID` int(11) NOT NULL,
  `land_title_path` varchar(255) DEFAULT NULL,
  `square_meters` int(11) DEFAULT NULL,
  `type_of_land` enum('Industrial','Residential','Agricultural','Commercial') DEFAULT NULL,
  `location_name` varchar(255) DEFAULT NULL,
  `right_of_way` enum('Yes','No') DEFAULT NULL,
  `has_hospital` enum('Yes','No') DEFAULT 'No',
  `has_school` enum('Yes','No') DEFAULT 'No',
  `has_clinic` enum('Yes','No') DEFAULT 'No',
  `has_church` enum('Yes','No') DEFAULT 'No',
  `has_market` enum('Yes','No') DEFAULT 'No',
  `has_terminal` enum('Yes','No') DEFAULT 'No',
  `created_at` timestamp NOT NULL DEFAULT current_timestamp()
) ENGINE=InnoDB DEFAULT CHARSET=utf8mb4 COLLATE=utf8mb4_general_ci;

--
-- Dumping data for table `collateral_info`
--

INSERT INTO `collateral_info` (`CollateralID`, `LoanID`, `userID`, `land_title_path`, `square_meters`, `type_of_land`, `location_name`, `right_of_way`, `has_hospital`, `has_school`, `has_clinic`, `has_church`, `has_market`, `has_terminal`, `created_at`) VALUES
(3, 64, 9, '../dist/assets/images/proofs/land_title_1735474719.jpeg', 500, 'Residential', 'Bagong Barrio', 'Yes', 'No', 'Yes', 'Yes', 'No', 'No', 'No', '2024-12-29 12:18:39'),
(4, 71, 11, '../dist/assets/images/proofs/land_title_1736572152.jpg', 120, 'Residential', 'Masuso', 'No', 'No', 'Yes', 'Yes', 'Yes', 'No', 'No', '2025-01-11 05:09:12'),
(5, 72, 12, '../dist/assets/images/proofs/land_title_1736673410.jpg', 120, 'Commercial', 'Pinagkuartelan', 'Yes', 'Yes', 'Yes', 'No', 'No', 'No', 'No', '2025-01-12 09:16:50'),
(6, 103, 11, '../dist/assets/images/proofs/land_title_1742909653.png', 100, 'Residential', 'Malibong Bata', 'Yes', 'Yes', 'Yes', 'Yes', 'Yes', 'Yes', 'Yes', '2025-03-25 13:34:13');

-- --------------------------------------------------------

--
-- Table structure for table `credit_history`
--

CREATE TABLE `credit_history` (
  `MemberID` int(11) DEFAULT NULL,
  `LoanID` int(11) NOT NULL,
  `AmountRequested` decimal(10,2) DEFAULT NULL,
  `LoanTerm` int(11) DEFAULT NULL,
  `LoanType` varchar(50) DEFAULT NULL,
  `InterestRate` decimal(5,2) DEFAULT NULL,
  `TotalPayable` float NOT NULL DEFAULT 0,
  `loanable_amount` decimal(10,0) NOT NULL,
  `ApprovalStatus` varchar(20) DEFAULT NULL CHECK (`ApprovalStatus` in ('In Progress','Approved','Disapproved','Completed')),
  `LoanEligibility` varchar(20) GENERATED ALWAYS AS (case when `ApprovalStatus` = 'Approved' then 'Eligible' else 'Not Eligible' end) STORED,
  `ModeOfPayment` varchar(50) DEFAULT NULL,
  `TotalPayment` decimal(10,2) DEFAULT 0.00,
  `MemberIncome` decimal(10,2) DEFAULT NULL,
  `Comaker` varchar(100) DEFAULT NULL,
  `Remarks` text DEFAULT NULL,
  `ExistingLoans` int(11) DEFAULT NULL,
  `CollateralValue` decimal(10,2) DEFAULT NULL,
  `PayableAmount` decimal(10,2) DEFAULT NULL,
  `PayableDate` date DEFAULT NULL,
  `NextPayableAmount` decimal(10,2) DEFAULT NULL,
  `NextPayableDate` date DEFAULT NULL,
  `MaturityDate` date NOT NULL,
  `Status` enum('Active','Completed','','') NOT NULL DEFAULT 'Active',
  `Balance` decimal(10,2) DEFAULT 0.00
) ENGINE=InnoDB DEFAULT CHARSET=utf8mb4 COLLATE=utf8mb4_general_ci;

--
-- Dumping data for table `credit_history`
--

INSERT INTO `credit_history` (`MemberID`, `LoanID`, `AmountRequested`, `LoanTerm`, `LoanType`, `InterestRate`, `TotalPayable`, `loanable_amount`, `ApprovalStatus`, `ModeOfPayment`, `TotalPayment`, `MemberIncome`, `Comaker`, `Remarks`, `ExistingLoans`, `CollateralValue`, `PayableAmount`, `PayableDate`, `NextPayableAmount`, `NextPayableDate`, `MaturityDate`, `Status`, `Balance`) VALUES
(9, 64, 5500.00, 3, 'Collateral', 0.14, 0, 500000, 'Approved', 'Quarterly', NULL, 749999.00, 'Maria Thompson', NULL, 0, 1000000.00, 2280000.00, '2024-12-30', 2280000.00, '2025-12-30', '2025-03-30', 'Active', 0.00),
(8, 68, 5400.00, 12, 'Regular', 0.12, 0, 23400, 'Approved', 'Monthly', NULL, 200000.00, 'Maria Carry', NULL, 0, NULL, 2184.00, '2024-12-29', 2184.00, '2025-01-29', '2025-12-29', 'Active', 0.00),
(12, 72, 30000.00, 12, 'Collateral', 0.14, 0, 0, 'Approved', 'Monthly', NULL, 172000.00, 'Tin', NULL, 0, 600000.00, 0.00, '2025-01-15', 0.00, '2025-02-15', '2026-01-15', 'Active', 0.00),
(11, 115, 20000.00, 24, 'Regular', 0.12, 24800, 46800, 'Approved', 'Monthly', 3099.00, 55000.00, 'Noah', NULL, 0, NULL, 1033.33, '2025-10-16', 1033.33, '0000-00-00', '2027-04-16', 'Active', 21701.00);

-- --------------------------------------------------------

--
-- Table structure for table `events`
--

CREATE TABLE `events` (
  `id` int(11) NOT NULL,
  `title` varchar(255) NOT NULL,
  `image` varchar(255) DEFAULT NULL,
  `description` text NOT NULL,
  `event_date` date NOT NULL,
  `created_at` timestamp NOT NULL DEFAULT current_timestamp()
) ENGINE=InnoDB DEFAULT CHARSET=utf8mb4 COLLATE=utf8mb4_general_ci;

--
-- Dumping data for table `events`
--

INSERT INTO `events` (`id`, `title`, `image`, `description`, `event_date`, `created_at`) VALUES
(2, 'Paschal Coop Year end get Together - Officers, Staff and Committees', '6758656c5891f.jpeg', 'celebrated the holiday season with a touch of Boho elegance.', '2024-12-21', '2024-12-08 12:53:50');

-- --------------------------------------------------------

--
-- Table structure for table `land_appraisal`
--

CREATE TABLE `land_appraisal` (
  `LoanID` int(11) NOT NULL,
  `userID` int(11) NOT NULL,
  `land_title_path` varchar(255) DEFAULT NULL,
  `square_meters` decimal(10,2) DEFAULT NULL,
  `validator_square_meters` int(11) DEFAULT NULL,
  `type_of_land` varchar(100) DEFAULT NULL,
  `validator_type_of_land` varchar(100) DEFAULT NULL,
  `location_name` text DEFAULT NULL,
  `validator_location` varchar(100) DEFAULT NULL,
  `final_zonal_value` decimal(12,2) DEFAULT NULL,
  `right_of_way` varchar(100) DEFAULT NULL,
  `validator_right_of_way` varchar(100) DEFAULT NULL,
  `has_hospital` varchar(100) DEFAULT NULL,
  `has_clinic` varchar(100) DEFAULT NULL,
  `has_school` varchar(100) DEFAULT NULL,
  `has_market` varchar(100) DEFAULT NULL,
  `has_church` varchar(100) DEFAULT NULL,
  `has_terminal` varchar(100) DEFAULT NULL,
  `validator_hospital` varchar(100) DEFAULT NULL,
  `validator_school` varchar(100) DEFAULT NULL,
  `validator_clinic` varchar(100) DEFAULT NULL,
  `validator_church` varchar(100) DEFAULT NULL,
  `validator_market` varchar(100) DEFAULT NULL,
  `validator_terminal` varchar(100) DEFAULT NULL,
  `EMV_per_sqm` decimal(10,2) DEFAULT NULL,
  `total_value` decimal(12,2) DEFAULT NULL,
  `loanable_amount` decimal(12,2) DEFAULT NULL,
  `image_path1` varchar(255) DEFAULT NULL,
  `image_path2` varchar(255) DEFAULT NULL,
  `image_path3` varchar(255) DEFAULT NULL,
  `validated_date` datetime DEFAULT NULL
) ENGINE=InnoDB DEFAULT CHARSET=utf8mb4 COLLATE=utf8mb4_general_ci;

--
-- Dumping data for table `land_appraisal`
--

INSERT INTO `land_appraisal` (`LoanID`, `userID`, `land_title_path`, `square_meters`, `validator_square_meters`, `type_of_land`, `validator_type_of_land`, `location_name`, `validator_location`, `final_zonal_value`, `right_of_way`, `validator_right_of_way`, `has_hospital`, `has_clinic`, `has_school`, `has_market`, `has_church`, `has_terminal`, `validator_hospital`, `validator_school`, `validator_clinic`, `validator_church`, `validator_market`, `validator_terminal`, `EMV_per_sqm`, `total_value`, `loanable_amount`, `image_path1`, `image_path2`, `image_path3`, `validated_date`) VALUES
(0, 0, NULL, NULL, 0, NULL, NULL, NULL, NULL, NULL, NULL, 'No', NULL, NULL, NULL, NULL, NULL, NULL, 'No', 'No', 'No', 'No', 'No', 'No', NULL, NULL, NULL, NULL, NULL, NULL, NULL),
(64, 9, NULL, 500.00, 500, 'RESIDENTIAL', 'RESIDENTIAL', 'Bagong Barrio', 'Bagong Barrio', 2000.00, 'Yes', 'Yes', 'No', 'Yes', 'Yes', 'No', 'No', 'No', 'No', 'Yes', 'Yes', 'No', 'No', 'No', 3463.77, 1731887.15, 865943.57, NULL, NULL, NULL, '2025-03-28 12:21:03'),
(71, 11, NULL, 120.00, NULL, 'RESIDENTIAL', NULL, 'Masuso', NULL, 2500.00, 'No', NULL, 'No', 'Yes', 'Yes', 'No', 'Yes', 'No', NULL, NULL, NULL, NULL, NULL, NULL, 2500.00, 300000.00, 150000.00, '../dist/assets/images/collateral/71_1736572386_20240618_125906329_iOS.jpg', NULL, NULL, NULL),
(72, 12, NULL, 50.00, NULL, 'Residential', NULL, 'Masuso', NULL, 2500.00, 'Yes', NULL, 'Yes', 'No', 'No', 'No', 'No', 'No', NULL, NULL, NULL, NULL, NULL, NULL, 3289.89, 164494.45, 82247.23, '../dist/assets/images/collateral/72_1736673697_car.jpg', NULL, NULL, NULL),
(106, 11, '../dist/assets/images/proofs/land_title_1743257860.png', 100.00, 100, 'Residential', 'RESIDENTIAL', 'Bagong Barrio', 'Bagong Barrio', 2000.00, 'Yes', 'Yes', 'Yes', 'Yes', 'Yes', 'No', 'No', 'No', 'Yes', 'Yes', 'Yes', 'No', 'No', 'No', 3472.85, 347284.81, 173642.40, NULL, NULL, NULL, '2025-03-29 22:41:33');

--
-- Triggers `land_appraisal`
--
DELIMITER $$
CREATE TRIGGER `update_loanapplication_amount` AFTER INSERT ON `land_appraisal` FOR EACH ROW BEGIN
    UPDATE loanapplication 
    SET loanable_amount = NEW.loanable_amount
    WHERE LoanID = NEW.LoanID;
END
$$
DELIMITER ;

-- --------------------------------------------------------

--
-- Table structure for table `loanapplication`
--

CREATE TABLE `loanapplication` (
  `LoanID` int(11) NOT NULL,
  `userID` int(11) DEFAULT NULL,
  `DateOfLoan` date DEFAULT NULL,
  `AmountRequested` float(10,2) DEFAULT NULL,
  `LoanTerm` int(11) DEFAULT NULL,
  `Purpose` varchar(255) DEFAULT NULL,
  `LoanType` enum('Regular','Collateral','','') DEFAULT NULL,
  `ModeOfPayment` varchar(50) DEFAULT NULL,
  `years_stay_present_address` int(11) DEFAULT NULL,
  `own_house` enum('Yes','No') DEFAULT NULL,
  `renting` enum('Yes','No') DEFAULT NULL,
  `living_with_relative` enum('Yes','No') DEFAULT NULL,
  `marital_status` enum('Single','Married','Separated','Divorced','Widowed') DEFAULT NULL,
  `spouse_name` varchar(100) DEFAULT NULL,
  `number_of_dependents` int(11) DEFAULT NULL,
  `dependents_in_school` int(11) DEFAULT NULL,
  `dependent1_name` varchar(100) DEFAULT NULL,
  `dependent1_age` int(11) DEFAULT NULL,
  `dependent1_grade_level` varchar(50) DEFAULT NULL,
  `dependent2_name` varchar(100) DEFAULT NULL,
  `dependent2_age` int(11) DEFAULT NULL,
  `dependent2_grade_level` varchar(50) DEFAULT NULL,
  `dependent3_name` varchar(100) DEFAULT NULL,
  `dependent3_age` int(11) DEFAULT NULL,
  `dependent3_grade_level` varchar(50) DEFAULT NULL,
  `dependent4_name` varchar(100) DEFAULT NULL,
  `dependent4_age` int(11) DEFAULT NULL,
  `dependent4_grade_level` varchar(50) DEFAULT NULL,
  `employer_name` varchar(255) DEFAULT NULL,
  `employer_address` varchar(255) DEFAULT NULL,
  `present_position` varchar(100) DEFAULT NULL,
  `date_of_employment` date DEFAULT NULL,
  `monthly_income` float(10,2) DEFAULT NULL,
  `contact_person` varchar(100) DEFAULT NULL,
  `contact_telephone_no` varchar(20) DEFAULT NULL,
  `self_employed_business_type` varchar(100) DEFAULT NULL,
  `business_start_date` date DEFAULT NULL,
  `family_member_count` int(11) DEFAULT NULL,
  `other_income` varchar(100) DEFAULT NULL,
  `self_other_income_amount` float(10,2) DEFAULT 0.00,
  `spouse_income` varchar(100) DEFAULT NULL,
  `spouse_income_amount` float(10,2) DEFAULT 0.00,
  `spouse_other_income` varchar(100) DEFAULT NULL,
  `spouse_other_income_amount` float(10,2) DEFAULT 0.00,
  `food_groceries_expense` float(10,2) DEFAULT NULL,
  `gas_oil_transportation_expense` float(10,2) DEFAULT NULL,
  `schooling_expense` float(10,2) DEFAULT NULL,
  `utilities_expense` float(10,2) DEFAULT NULL,
  `miscellaneous_expense` float(10,2) DEFAULT NULL,
  `total_expenses` float(10,2) DEFAULT NULL,
  `net_family_income` float(10,2) DEFAULT NULL,
  `savings_account` tinyint(1) DEFAULT 0,
  `savings_bank` varchar(255) DEFAULT NULL,
  `savings_branch` varchar(255) DEFAULT NULL,
  `current_account` tinyint(1) DEFAULT 0,
  `current_bank` varchar(255) DEFAULT NULL,
  `current_branch` varchar(255) DEFAULT NULL,
  `assets1` varchar(255) DEFAULT NULL,
  `assets2` varchar(255) DEFAULT NULL,
  `assets3` varchar(255) DEFAULT NULL,
  `assets4` varchar(255) DEFAULT NULL,
  `creditor1_name` varchar(255) DEFAULT NULL,
  `creditor1_address` varchar(255) DEFAULT NULL,
  `creditor1_original_amount` float(10,2) DEFAULT 0.00,
  `creditor1_present_balance` float(10,2) DEFAULT 0.00,
  `creditor2_name` varchar(255) DEFAULT NULL,
  `creditor2_address` varchar(255) DEFAULT NULL,
  `creditor2_original_amount` float(10,2) DEFAULT 0.00,
  `creditor2_present_balance` float(10,2) DEFAULT 0.00,
  `creditor3_name` varchar(255) DEFAULT NULL,
  `creditor3_address` varchar(255) DEFAULT NULL,
  `creditor3_original_amount` float(10,2) DEFAULT 0.00,
  `creditor3_present_balance` float(10,2) DEFAULT 0.00,
  `creditor4_name` varchar(255) DEFAULT NULL,
  `creditor4_address` varchar(255) DEFAULT NULL,
  `creditor4_original_amount` float(10,2) DEFAULT NULL,
  `creditor4_present_balance` float(10,2) DEFAULT 0.00,
  `creditor_balance_total` float(10,0) NOT NULL DEFAULT 0,
  `property_foreclosed_repossessed` enum('yes','no') DEFAULT NULL,
  `co_maker_cosigner_guarantor` enum('yes','no') DEFAULT NULL,
  `reference1_name` varchar(255) DEFAULT NULL,
  `reference1_address` varchar(255) DEFAULT NULL,
  `reference1_contact_no` varchar(20) DEFAULT NULL,
  `reference2_name` varchar(255) DEFAULT NULL,
  `reference2_address` varchar(255) DEFAULT NULL,
  `reference2_contact_no` varchar(20) DEFAULT NULL,
  `reference3_name` varchar(255) DEFAULT NULL,
  `reference3_address` varchar(255) DEFAULT NULL,
  `reference3_contact_no` varchar(20) DEFAULT NULL,
  `comaker_name` varchar(255) DEFAULT NULL,
  `comaker_address` varchar(255) DEFAULT NULL,
  `comaker_contact_no` varchar(20) DEFAULT NULL,
  `deed_of_sale1` varchar(255) DEFAULT NULL,
  `deed_of_sale2` varchar(255) DEFAULT NULL,
  `deed_of_sale3` varchar(255) DEFAULT NULL,
  `deed_of_sale4` varchar(255) DEFAULT NULL,
  `orcr_vehicle1` varchar(255) DEFAULT NULL,
  `orcr_vehicle2` varchar(255) DEFAULT NULL,
  `orcr_vehicle3` varchar(255) DEFAULT NULL,
  `orcr_vehicle4` varchar(255) DEFAULT NULL,
  `valid_id_path` varchar(255) DEFAULT NULL,
  `deed_of_sale_path` varchar(255) DEFAULT NULL,
  `vehicle_orcr_path` varchar(255) DEFAULT NULL,
  `proof_of_income_path` varchar(255) DEFAULT NULL,
  `tax_declaration_path` varchar(255) DEFAULT NULL,
  `tax_clearance_path` varchar(255) DEFAULT NULL,
  `original_transfer_certificate_of_title_path` varchar(255) DEFAULT NULL,
  `certified_true_copy_path` varchar(255) DEFAULT NULL,
  `vicinity_map_path` varchar(255) DEFAULT NULL,
  `barangay_clearance_path` varchar(255) DEFAULT NULL,
  `cedula_path` varchar(255) DEFAULT NULL,
  `post_dated_check_path` varchar(255) DEFAULT NULL,
  `promisory_note_path` varchar(255) DEFAULT NULL,
  `Status` enum('In Progress','Cancelled','Approved','Disapproved','Cancelled') NOT NULL DEFAULT 'In Progress',
  `loanable_amount` float(10,2) NOT NULL,
  `Eligibility` enum('Eligible','Not Eligible') DEFAULT NULL,
  `application_date` timestamp NOT NULL DEFAULT current_timestamp()
) ENGINE=InnoDB DEFAULT CHARSET=utf8mb4 COLLATE=utf8mb4_general_ci;

--
-- Dumping data for table `loanapplication`
--

INSERT INTO `loanapplication` (`LoanID`, `userID`, `DateOfLoan`, `AmountRequested`, `LoanTerm`, `Purpose`, `LoanType`, `ModeOfPayment`, `years_stay_present_address`, `own_house`, `renting`, `living_with_relative`, `marital_status`, `spouse_name`, `number_of_dependents`, `dependents_in_school`, `dependent1_name`, `dependent1_age`, `dependent1_grade_level`, `dependent2_name`, `dependent2_age`, `dependent2_grade_level`, `dependent3_name`, `dependent3_age`, `dependent3_grade_level`, `dependent4_name`, `dependent4_age`, `dependent4_grade_level`, `employer_name`, `employer_address`, `present_position`, `date_of_employment`, `monthly_income`, `contact_person`, `contact_telephone_no`, `self_employed_business_type`, `business_start_date`, `family_member_count`, `other_income`, `self_other_income_amount`, `spouse_income`, `spouse_income_amount`, `spouse_other_income`, `spouse_other_income_amount`, `food_groceries_expense`, `gas_oil_transportation_expense`, `schooling_expense`, `utilities_expense`, `miscellaneous_expense`, `total_expenses`, `net_family_income`, `savings_account`, `savings_bank`, `savings_branch`, `current_account`, `current_bank`, `current_branch`, `assets1`, `assets2`, `assets3`, `assets4`, `creditor1_name`, `creditor1_address`, `creditor1_original_amount`, `creditor1_present_balance`, `creditor2_name`, `creditor2_address`, `creditor2_original_amount`, `creditor2_present_balance`, `creditor3_name`, `creditor3_address`, `creditor3_original_amount`, `creditor3_present_balance`, `creditor4_name`, `creditor4_address`, `creditor4_original_amount`, `creditor4_present_balance`, `creditor_balance_total`, `property_foreclosed_repossessed`, `co_maker_cosigner_guarantor`, `reference1_name`, `reference1_address`, `reference1_contact_no`, `reference2_name`, `reference2_address`, `reference2_contact_no`, `reference3_name`, `reference3_address`, `reference3_contact_no`, `comaker_name`, `comaker_address`, `comaker_contact_no`, `deed_of_sale1`, `deed_of_sale2`, `deed_of_sale3`, `deed_of_sale4`, `orcr_vehicle1`, `orcr_vehicle2`, `orcr_vehicle3`, `orcr_vehicle4`, `valid_id_path`, `deed_of_sale_path`, `vehicle_orcr_path`, `proof_of_income_path`, `tax_declaration_path`, `tax_clearance_path`, `original_transfer_certificate_of_title_path`, `certified_true_copy_path`, `vicinity_map_path`, `barangay_clearance_path`, `cedula_path`, `post_dated_check_path`, `promisory_note_path`, `Status`, `loanable_amount`, `Eligibility`, `application_date`) VALUES
(64, 9, '2024-12-30', 5500.00, 3, 'emergency', 'Collateral', 'Monthly', 4, 'Yes', 'No', 'No', 'Married', 'Merry Medina', 1, 1, 'Chris Tan', 11, '5', NULL, NULL, NULL, NULL, NULL, NULL, NULL, NULL, NULL, 'Merry Tui', 'Plaridel Bulacan', 'Fullstack Developer', '2024-12-11', 10000000.00, 'Lydon Tui', '09707909764', 'Computer Programming Services', '2024-12-18', 3, 'Savings', 40000.00, 'Vendor', 559999.00, '', 0.00, 5000.00, 500.00, 500.00, 500.00, 500.00, 7000.00, 749999.00, 1, 'BDO', 'LEGAZPI', 1, 'BPI', 'LEGAZPI', 'House', 'Motorcycle', NULL, NULL, 'Michelle Santos', 'Manila', 2000.00, 100.00, NULL, NULL, NULL, NULL, NULL, NULL, NULL, NULL, NULL, NULL, NULL, NULL, 0, 'no', 'no', 'Juan Santiago', '123 Mabini St., Manila', '0979097675', 'Maria Santiago', '456 Rizal Ave., Cebu City', '09281234565', 'Pedro Santiago', '789 Bonifacio Rd., Davao City', '0985250365', 'Maria Thompson', 'Manila', '0966885051', 'deed_67713d9d2ec0b.jpeg', NULL, NULL, NULL, NULL, 'orcr_67713d9d2ee8b.jpg', NULL, NULL, 'valid_id_64_67713ef13d480.jpeg', NULL, NULL, 'proof_of_income_64_67713ef13e14c.png', 'tax_declaration_64_67713ef13f0f3.pdf', 'tax_clearance_64_67713ef13f586.jpg', 'original_transfer_certificate_of_title_64_67713ef13fc76.pdf', 'certified_true_copy_64_67713ef14028f.jpg', 'vicinity_map_64_67713ef140700.jpeg', 'barangay_clearance_64_67713ef140bc7.png', 'cedula_64_67713ef140eca.jpg', '', 'promisory_note_64_67713ef1414fb.jpeg', 'Approved', 865943.56, 'Eligible', '2025-04-02 14:41:07'),
(68, 8, '2024-12-29', 5400.00, 12, 'emergency', 'Regular', 'Monthly', 4, 'Yes', 'No', 'No', 'Married', 'mandy moore', 1, 1, 'Chris Johsnon', 11, '5', NULL, NULL, NULL, NULL, NULL, NULL, NULL, NULL, NULL, 'Merry Gidjet', 'Binangonan', 'Fullstack Dev', '2024-12-30', 1000000.00, 'Megan Young', '0970996654', 'computer', '2024-12-26', 3, 'Savings', 50000.00, 'Vendor', 50000.00, '', 0.00, 500.00, 500.00, 50.00, 500.00, 500.00, 2050.00, 200000.00, 0, '', '', 1, 'BPI', 'LEGAZPI', 'House', NULL, NULL, NULL, 'Lyndon Tui', 'Sta. Rosa Laguna', 1000.00, 100.00, NULL, NULL, NULL, NULL, NULL, NULL, NULL, NULL, NULL, NULL, NULL, NULL, 0, 'no', 'no', 'Juan Luna', '123 Mabini St., Manila', '09171234567', 'Maria Luna', '456 Rizal Ave., Cebu City', '09281234567', 'Joshua Luna', '789 Bonifacio Rd., Davao City', '09391234567', 'Maria Carry', 'Bulacan', '0966885052', 'deed_677150c089d93.jpg', NULL, NULL, NULL, NULL, NULL, NULL, NULL, 'valid_id_68_677150f34a86b.jpg', NULL, NULL, 'proof_of_income_68_677150f34ac1c.jpg', NULL, NULL, NULL, NULL, NULL, NULL, NULL, NULL, NULL, 'Approved', 23400.00, NULL, '2025-04-02 14:41:07'),
(69, 10, '2024-12-30', 9000.00, 6, 'emergency', 'Regular', 'Monthly', 3, 'Yes', 'No', 'No', 'Married', 'Merry Tan', 1, 1, 'Chris Tan', 11, '5', NULL, NULL, NULL, NULL, NULL, NULL, NULL, NULL, NULL, 'Merry Tui', 'Plaridel Bulacan', 'Fullstack Dev', '2024-12-31', 100000.00, 'Megan Young', '09810254522', 'comp', '2025-01-02', 3, 'Savings', 100000.00, 'Seller', 50000.00, 'Savings', 50000.00, 500.00, 500.00, 500.00, 500.00, 500.00, 2500.00, 300000.00, 1, 'LAND BANK', 'LEGAZPI', 0, '', '', 'Apartment', NULL, NULL, NULL, 'Juan Dela', 'Sta. Rosa Laguna', 1000.00, 150.00, NULL, NULL, NULL, NULL, NULL, NULL, NULL, NULL, NULL, NULL, NULL, NULL, 0, 'no', 'no', 'Juan Santiago', '123 Mabini St., Manila', '09171234567', 'Maria Santiago', '456 Rizal Ave., Cebu City', '09281234567', 'Pedro Santiago', '789 Bonifacio Rd., Davao City', '09391234567', 'Sam Tom', 'Bulacan', '0966885053', 'deed_677152b710cdb.jpg', NULL, NULL, NULL, NULL, NULL, NULL, NULL, 'valid_id_69_677152f6e33c1.png', NULL, NULL, 'proof_of_income_69_677152f6e380e.jpg', NULL, NULL, NULL, NULL, NULL, NULL, NULL, NULL, NULL, 'In Progress', 0.00, NULL, '2025-04-02 14:41:07'),
(103, 11, '2025-03-26', 46800.00, 24, 'trial', 'Collateral', 'Monthly', 1, 'Yes', 'Yes', 'Yes', 'Single', '', 1, 0, 'paolo', 12, '6', NULL, NULL, NULL, NULL, NULL, NULL, NULL, NULL, NULL, '0', 'Manila', 'Manager', '0000-00-00', 100000.00, 'noah', '13131', '0', '2025-03-26', 1, NULL, 10000.00, NULL, 0.00, NULL, 0.00, 1.00, 1.00, 1.00, 1.00, 1.00, 5.00, 109995.00, 0, '', '', 0, '', '', 'Vehicle', NULL, NULL, NULL, NULL, NULL, 0.00, 0.00, NULL, NULL, 0.00, 0.00, NULL, NULL, 0.00, 0.00, NULL, NULL, NULL, 0.00, 0, 'no', 'no', 'Yeji', 'Manila', '0912121313', 'Yeji', 'Manila', '0188318381313', 'Yeji', 'Manila', '0912921212', 'yeji', 'manila', '0121212121', NULL, NULL, NULL, NULL, 'orcr_67e0c2376f244.jpg', NULL, NULL, NULL, 'valid_id_103_67e2b1c638c32.png', NULL, NULL, 'proof_of_income_103_67e2b1c63992b.png', 'tax_declaration_103_67e2b1c63a57e.png', 'tax_clearance_103_67e2b1c63b583.png', 'original_transfer_certificate_of_title_103_67e2b1c63c1bf.png', 'certified_true_copy_103_67e2b1c63cc49.png', 'vicinity_map_103_67e2b1c63d696.png', 'barangay_clearance_103_67e2b1c63df32.png', 'cedula_103_67e2b1c63e793.png', 'post_dated_check_103_67e2b1c63f235.png', 'promisory_note_103_67e2b1c63f998.png', 'Approved', 46800.00, 'Eligible', '2025-04-02 14:41:07'),
(106, 11, '2025-03-31', 20000.00, 12, 'kahit ano', 'Collateral', 'Monthly', 1, 'Yes', 'No', 'No', 'Single', '', 1, 1, NULL, NULL, NULL, NULL, NULL, NULL, NULL, NULL, NULL, NULL, NULL, NULL, '0', 'Manila', 'Manager', '0000-00-00', 20000.00, 'noah', '13131414', '131313', '2025-03-17', 1, NULL, 10000.00, NULL, 0.00, NULL, 0.00, 100.00, 100.00, 100.00, 100.00, 100.00, 500.00, 29500.00, 0, '', '', 0, '', '', 'House', NULL, NULL, NULL, 'Noah', 'Manila', 10000.00, 100.00, NULL, NULL, 0.00, 0.00, NULL, NULL, 0.00, 0.00, NULL, NULL, NULL, 0.00, 100, 'no', 'no', 'Noah', 'Manila', '09090909099', 'Noah', 'Manila', '0909900909', 'Noah', 'Manila', '0909099009', 'Noah', 'Manila', '1919191991', 'deed_67e800b8b00ad.png', NULL, NULL, NULL, NULL, NULL, NULL, NULL, 'valid_id_106_67e8013cc76a0.png', NULL, NULL, 'proof_of_income_106_67e8013cc890c.png', 'tax_declaration_106_67e8013cca1ec.png', 'tax_clearance_106_67e8013ccb647.png', 'original_transfer_certificate_of_title_106_67e8013ccd87a.png', 'certified_true_copy_106_67e8013ccee58.png', 'vicinity_map_106_67e8013ccfb0d.png', 'barangay_clearance_106_67e8013cd10d8.png', 'cedula_106_67e8013cd2310.png', 'post_dated_check_106_67e8013cd3327.png', 'promisory_note_106_67e8013cd4ca2.png', 'Approved', 46800.00, 'Eligible', '2025-04-02 14:41:07'),
(115, 11, '2025-04-16', 20000.00, 24, 'trialule', 'Regular', 'Monthly', 1, 'Yes', 'No', 'Yes', 'Single', '', 1, 1, NULL, NULL, NULL, NULL, NULL, NULL, NULL, NULL, NULL, NULL, NULL, NULL, '0', 'Manila', 'Manager', '0000-00-00', 50000.00, 'noah', '121212121', '0', '2025-04-11', 1, NULL, 10000.00, NULL, 0.00, NULL, 0.00, 1000.00, 1000.00, 1000.00, 1000.00, 1000.00, 5000.00, 55000.00, 1, 'UB', 'Manila', 0, '', '', 'Vehicle', NULL, NULL, NULL, 'Noah', 'Manila', 10000.00, 0.00, NULL, NULL, 0.00, 0.00, NULL, NULL, 0.00, 0.00, NULL, NULL, NULL, 0.00, 0, 'no', 'no', 'Noah', 'Manila', '09090909099', 'Noah', 'Manila', '0909900909', 'Noah', 'Manila', '0909099009', 'Noah', 'Manila', '1919191991', NULL, NULL, NULL, NULL, 'orcr_67ecdbf3cb5cb.png', NULL, NULL, NULL, 'valid_id_115_67ecdc2547384.png', NULL, NULL, 'proof_of_income_115_67ecdc25479ae.png', NULL, NULL, NULL, NULL, NULL, NULL, NULL, NULL, NULL, 'Approved', 46800.00, 'Eligible', '2025-04-02 14:41:07');

-- --------------------------------------------------------

--
-- Table structure for table `loan_payments`
--

CREATE TABLE `loan_payments` (
  `payment_id` int(11) NOT NULL,
  `transaction_id` int(11) DEFAULT NULL,
  `LoanID` int(11) NOT NULL,
  `MemberID` int(11) NOT NULL,
  `payment_date` datetime NOT NULL DEFAULT current_timestamp(),
  `payable_date` date DEFAULT NULL COMMENT 'The date this payment was due',
  `amount_paid` decimal(10,2) NOT NULL,
  `receipt_number` varchar(50) NOT NULL,
  `payment_status` enum('Pending','Completed','Late','Partial') NOT NULL DEFAULT 'Completed',
  `is_late` tinyint(1) NOT NULL DEFAULT 0 COMMENT '1 if payment was late',
  `days_late` smallint(5) NOT NULL DEFAULT 0 COMMENT 'Number of days payment was late',
  `remarks` text DEFAULT NULL,
  `recorded_by` int(11) NOT NULL COMMENT 'User ID who recorded the payment'
) ENGINE=InnoDB DEFAULT CHARSET=utf8mb4 COLLATE=utf8mb4_general_ci;

--
-- Dumping data for table `loan_payments`
--

INSERT INTO `loan_payments` (`payment_id`, `transaction_id`, `LoanID`, `MemberID`, `payment_date`, `payable_date`, `amount_paid`, `receipt_number`, `payment_status`, `is_late`, `days_late`, `remarks`, `recorded_by`) VALUES
(20, 123, 115, 11, '2025-04-05 00:57:39', '2025-05-16', 1033.00, '123456811', 'Completed', 0, 0, NULL, 11),
(21, 124, 115, 11, '2025-04-05 00:58:22', '2025-06-16', 1033.00, '123456812', 'Completed', 0, 0, NULL, 11),
(22, 143, 115, 11, '2025-05-02 14:25:48', '2025-09-16', 1033.00, '123456825', 'Completed', 0, 0, NULL, 11);

-- --------------------------------------------------------

--
-- Table structure for table `locations`
--

CREATE TABLE `locations` (
  `id` int(11) NOT NULL,
  `name` varchar(255) NOT NULL,
  `created_at` timestamp NOT NULL DEFAULT current_timestamp()
) ENGINE=InnoDB DEFAULT CHARSET=utf8mb4 COLLATE=utf8mb4_general_ci;

--
-- Dumping data for table `locations`
--

INSERT INTO `locations` (`id`, `name`, `created_at`) VALUES
(1, 'Bagbaguin', '2024-12-09 08:21:04'),
(2, 'Bagong Barrio', '2024-12-09 08:21:04'),
(3, 'Baka-bakahan', '2024-12-09 08:21:04'),
(4, 'Santo Nio', '2024-12-09 08:21:04'),
(5, 'Bunsuran I', '2024-12-09 08:21:04'),
(6, 'Bunsuran II', '2024-12-09 08:21:04'),
(7, 'Bunsuran III', '2024-12-09 08:21:04'),
(8, 'Cacarong Bata', '2024-12-09 08:21:04'),
(9, 'Cacarong Matanda', '2024-12-09 08:21:04'),
(10, 'Cupang', '2024-12-09 08:21:04'),
(11, 'Malibong Bata', '2024-12-09 08:21:04'),
(12, 'Malibong Matanda', '2024-12-09 08:21:04'),
(13, 'Manatal', '2024-12-09 08:21:04'),
(14, 'Mapulang Lupa', '2024-12-09 08:21:04'),
(15, 'Masagana', '2024-12-09 08:21:04'),
(16, 'Masuso', '2024-12-09 08:21:04'),
(17, 'Pinagkuartelan', '2024-12-09 08:21:04'),
(18, 'Poblacion', '2024-12-09 08:21:04'),
(19, 'Real de Cacarong', '2024-12-09 08:21:04'),
(20, 'San Roque', '2024-12-09 08:21:04'),
(21, 'Siling Bata', '2024-12-09 08:21:04'),
(22, 'Siling Matanda', '2024-12-09 08:21:04');

-- --------------------------------------------------------

--
-- Table structure for table `member_applications`
--

CREATE TABLE `member_applications` (
  `id` int(11) NOT NULL,
  `user_id` varchar(255) NOT NULL,
  `fillupform` tinyint(1) DEFAULT 0,
  `watchvideoseminar` tinyint(1) DEFAULT 0,
  `appointment_date` datetime DEFAULT NULL,
  `status` enum('In Progress','Approved','Failed','Completed') NOT NULL DEFAULT 'In Progress',
  `payment_status` enum('In Progress','Completed') NOT NULL DEFAULT 'In Progress',
  `created_at` timestamp NOT NULL DEFAULT current_timestamp(),
  `updated_at` timestamp NOT NULL DEFAULT current_timestamp() ON UPDATE current_timestamp()
) ENGINE=InnoDB DEFAULT CHARSET=utf8mb4 COLLATE=utf8mb4_general_ci;

--
-- Dumping data for table `member_applications`
--

INSERT INTO `member_applications` (`id`, `user_id`, `fillupform`, `watchvideoseminar`, `appointment_date`, `status`, `payment_status`, `created_at`, `updated_at`) VALUES
(6, '8', 1, 1, '2024-12-29 00:00:00', 'In Progress', '', '2024-12-29 08:51:46', '2024-12-29 08:52:15'),
(7, '9', 1, 1, '2024-12-31 00:00:00', 'In Progress', '', '2024-12-29 12:04:35', '2024-12-29 12:05:12'),
(8, '10', 1, 1, '2024-12-29 00:00:00', 'In Progress', '', '2024-12-29 13:40:42', '2024-12-29 13:41:25'),
(9, '11', 1, 1, '2025-01-21 00:00:00', 'In Progress', '', '2025-01-11 01:42:47', '2025-01-11 01:43:36'),
(10, '12', 1, 1, '2025-01-23 00:00:00', 'In Progress', '', '2025-01-12 08:28:07', '2025-01-12 08:30:09'),
(11, '13', 1, 1, '2025-04-30 00:00:00', 'Completed', 'Completed', '2025-04-28 13:09:05', '2025-05-02 07:28:09'),
(12, '14', 1, 1, '2025-06-20 00:00:00', 'In Progress', '', '2025-06-06 05:40:51', '2025-06-06 05:55:54'),
(16, '15', 1, 1, '2025-06-12 00:00:00', 'Completed', 'Completed', '2025-06-07 06:50:31', '2025-06-07 06:51:49');

-- --------------------------------------------------------

--
-- Table structure for table `message`
--

CREATE TABLE `message` (
  `message_id` int(11) NOT NULL,
  `sender_id` int(11) NOT NULL,
  `receiver_id` int(11) NOT NULL,
  `category` varchar(255) NOT NULL,
  `message` text NOT NULL,
  `admin_reply` text DEFAULT NULL,
  `admin_reply_date` datetime DEFAULT NULL,
  `membership_reply` text DEFAULT NULL,
  `membership_reply_date` datetime DEFAULT NULL,
  `loan_reply` text NOT NULL,
  `loan_reply_date` datetime DEFAULT NULL,
  `admin_message` text DEFAULT NULL,
  `admin_date` datetime DEFAULT NULL,
  `membership_message` text DEFAULT NULL,
  `membership_date` datetime DEFAULT NULL,
  `loan_message` text DEFAULT NULL,
  `loan_date` datetime DEFAULT NULL,
  `datesent` datetime DEFAULT current_timestamp(),
  `is_replied` tinyint(1) DEFAULT 0,
  `is_read` tinyint(1) DEFAULT 0,
  `created_at` timestamp NOT NULL DEFAULT current_timestamp() ON UPDATE current_timestamp()
) ENGINE=InnoDB DEFAULT CHARSET=utf8mb4 COLLATE=utf8mb4_general_ci;

--
-- Dumping data for table `message`
--

INSERT INTO `message` (`message_id`, `sender_id`, `receiver_id`, `category`, `message`, `admin_reply`, `admin_reply_date`, `membership_reply`, `membership_reply_date`, `loan_reply`, `loan_reply_date`, `admin_message`, `admin_date`, `membership_message`, `membership_date`, `loan_message`, `loan_date`, `datesent`, `is_replied`, `is_read`, `created_at`) VALUES
(1, 2, 1, 'Loan', 'I just want to ask if i can still applied to collateral loan even i still have an outstanding balance of the regular loan.', 'Yes', '2024-12-10 22:53:28', NULL, NULL, '', NULL, NULL, NULL, NULL, NULL, NULL, NULL, '2024-12-10 20:00:42', 1, 0, '2024-12-10 14:53:28'),
(2, 2, 1, 'Services', 'i want to know all the services', 'you can check it to your services tab', '2024-12-23 23:31:45', NULL, NULL, '', NULL, NULL, NULL, NULL, NULL, NULL, NULL, '2024-12-12 18:19:02', 1, 0, '2024-12-23 15:31:45'),
(9, 2, 4, 'Medical', 'i need to know more medical services', NULL, NULL, NULL, NULL, '', NULL, NULL, NULL, NULL, NULL, NULL, NULL, '2024-12-23 23:34:48', 1, 0, '2024-12-23 15:39:29'),
(10, 2, 7, 'Membership', 'Am I already approved?', NULL, NULL, 'yes', '2024-12-29 20:44:04', '', NULL, NULL, NULL, NULL, NULL, NULL, NULL, '2024-12-24 00:15:49', 1, 0, '2024-12-29 12:44:04'),
(12, 1, 2, 'General Query', '', NULL, NULL, NULL, NULL, '', NULL, 'If you have general query just send as message', '2024-12-24 01:55:21', NULL, NULL, NULL, NULL, '2024-12-24 01:55:21', 0, 0, '2024-12-23 17:55:21'),
(13, 4, 2, 'Medical', '', NULL, NULL, NULL, NULL, '', NULL, NULL, NULL, NULL, NULL, NULL, NULL, '2024-12-24 01:57:18', 0, 0, '2024-12-23 17:57:18'),
(16, 7, 2, 'Membership', '', NULL, NULL, NULL, NULL, '', NULL, NULL, NULL, 'If you have membership question just send as message', '2024-12-24 02:04:05', NULL, NULL, '2024-12-24 02:04:05', 0, 0, '2024-12-23 18:04:05'),
(17, 5, 2, 'Loan', '', NULL, NULL, NULL, NULL, '', NULL, NULL, NULL, NULL, NULL, 'If you have loan question just send as message', '2024-12-24 02:09:20', '2024-12-24 02:09:20', 0, 0, '2024-12-23 18:09:20'),
(18, 2, 5, 'Loan', 'How long my loan to be approved?', NULL, NULL, NULL, NULL, 'Just wait it to be approved', '2024-12-24 02:16:24', NULL, NULL, NULL, NULL, NULL, NULL, '2024-12-24 02:09:50', 1, 0, '2024-12-23 18:16:24'),
(19, 8, 1, 'General Query', 'i have general query', 'yes what you want to know', '2024-12-29 20:01:22', NULL, NULL, '', NULL, NULL, NULL, NULL, NULL, NULL, NULL, '2024-12-29 20:00:52', 1, 0, '2024-12-29 12:01:22'),
(20, 1, 8, 'Loan', '', NULL, NULL, NULL, NULL, '', NULL, 'You can try this services too', '2024-12-29 20:01:50', NULL, NULL, NULL, NULL, '2024-12-29 20:01:50', 0, 0, '2024-12-29 12:01:50'),
(21, 5, 8, 'Medical', '', NULL, NULL, NULL, NULL, '', NULL, NULL, NULL, NULL, NULL, 'you can avail medical services too', '2024-12-29 20:42:40', '2024-12-29 20:42:40', 0, 0, '2024-12-29 12:42:40'),
(22, 7, 8, 'General Query', '', NULL, NULL, NULL, NULL, '', NULL, NULL, NULL, 'hh', '2024-12-29 20:44:13', NULL, NULL, '2024-12-29 20:44:13', 0, 0, '2024-12-29 12:44:13'),
(23, 8, 7, 'Membership', 'do i need to pay again', NULL, NULL, 'no', '2024-12-29 20:44:54', '', NULL, NULL, NULL, NULL, NULL, NULL, NULL, '2024-12-29 20:44:43', 1, 0, '2024-12-29 12:44:54'),
(24, 12, 1, 'General Query', 'hellop po', 'hello', '2025-01-12 16:45:38', NULL, NULL, '', NULL, NULL, NULL, NULL, NULL, NULL, NULL, '2025-01-12 16:45:15', 1, 0, '2025-01-12 08:45:38'),
(25, 1, 12, 'General Query', '', NULL, NULL, NULL, NULL, '', NULL, 'pakyu', '2025-01-12 16:46:26', NULL, NULL, NULL, NULL, '2025-01-12 16:46:26', 0, 0, '2025-01-12 08:46:26'),
(26, 11, 1, 'General Query', 'trial', 'ehhe', '2025-06-08 15:03:48', NULL, NULL, '', NULL, NULL, NULL, NULL, NULL, NULL, NULL, '2025-06-08 15:02:28', 1, 0, '2025-06-08 07:03:48'),
(27, 1, 15, 'General Query', '', NULL, NULL, NULL, NULL, '', NULL, '111', '2025-06-08 15:04:14', NULL, NULL, NULL, NULL, '2025-06-08 15:04:14', 0, 0, '2025-06-08 07:04:14');

-- --------------------------------------------------------

--
-- Table structure for table `messages`
--

CREATE TABLE `messages` (
  `message_id` int(11) NOT NULL,
  `sender_id` int(11) NOT NULL,
  `receiver_id` int(11) NOT NULL,
  `category` enum('General Query','Membership','Loan','Services','Medical') NOT NULL,
  `message` text NOT NULL,
  `thread_id` int(11) DEFAULT NULL,
  `is_read` tinyint(1) DEFAULT 0,
  `is_replied` tinyint(1) DEFAULT 0,
  `sent_at` datetime DEFAULT current_timestamp(),
  `created_at` timestamp NOT NULL DEFAULT current_timestamp() ON UPDATE current_timestamp()
) ENGINE=InnoDB DEFAULT CHARSET=utf8mb4 COLLATE=utf8mb4_general_ci;

--
-- Dumping data for table `messages`
--

INSERT INTO `messages` (`message_id`, `sender_id`, `receiver_id`, `category`, `message`, `thread_id`, `is_read`, `is_replied`, `sent_at`, `created_at`) VALUES
(1, 1, 11, 'General Query', 'Good Day. This is Mr. John from Paschal I hope you are having a good day', 1, 1, 1, '2025-06-08 16:50:38', '2025-06-08 17:21:43');

-- --------------------------------------------------------

--
-- Table structure for table `savings`
--

CREATE TABLE `savings` (
  `SavingsID` int(11) NOT NULL,
  `MemberID` int(11) NOT NULL,
  `Amount` decimal(10,2) NOT NULL,
  `Type` enum('Deposit','Withdrawal') NOT NULL,
  `Notes` text DEFAULT NULL,
  `Status` enum('In Progress','Approved','Disapproved') DEFAULT 'In Progress',
  `TransactionDate` timestamp NOT NULL DEFAULT current_timestamp()
) ENGINE=InnoDB DEFAULT CHARSET=utf8mb4 COLLATE=utf8mb4_general_ci;

--
-- Dumping data for table `savings`
--

INSERT INTO `savings` (`SavingsID`, `MemberID`, `Amount`, `Type`, `Notes`, `Status`, `TransactionDate`) VALUES
(84, 11, 20000.00, 'Deposit', '', 'Approved', '2025-06-06 00:58:26'),
(85, 11, 20000.00, 'Deposit', '', 'Approved', '2025-06-06 00:59:24'),
(86, 11, 10000.00, 'Deposit', '', 'Approved', '2025-06-06 01:03:22'),
(87, 11, 40000.00, 'Withdrawal', '', 'Approved', '2025-06-06 01:04:03'),
(88, 11, 50000.00, 'Deposit', '', 'Approved', '2025-06-06 01:07:00'),
(89, 11, 50000.00, 'Withdrawal', 'balik lang', 'Approved', '2025-06-06 01:08:07'),
(90, 11, 5000.00, 'Deposit', 'trial', 'Approved', '2025-06-06 01:16:33'),
(91, 11, 1000.00, 'Deposit', '', 'Approved', '2025-06-06 01:19:36'),
(92, 11, 500.00, 'Deposit', '', 'Approved', '2025-06-06 01:28:00'),
(93, 11, 500.00, 'Deposit', '', 'Approved', '2025-06-06 01:28:16'),
(94, 13, 20000.00, 'Deposit', '', 'Approved', '2025-06-06 01:33:40'),
(95, 13, 12345.00, 'Deposit', '', 'Approved', '2025-06-06 01:34:21'),
(96, 13, 1000.00, 'Deposit', '', 'Approved', '2025-06-06 02:15:06'),
(97, 13, 100.00, 'Deposit', '', 'Approved', '2025-06-06 02:18:33'),
(98, 8, 100.00, 'Deposit', '', 'Approved', '2025-06-06 02:27:32'),
(99, 11, 1000.00, 'Deposit', '', 'Approved', '2025-06-06 02:28:13'),
(100, 11, 5000.00, 'Withdrawal', '', 'Approved', '2025-06-06 02:28:39'),
(101, 11, 10000.00, 'Deposit', '', 'Approved', '2025-06-06 02:32:11'),
(102, 11, 5000.00, 'Deposit', '', 'Approved', '2025-06-06 02:36:12'),
(103, 11, 5000.00, 'Deposit', '', 'Approved', '2025-06-06 02:39:44'),
(104, 11, 100.00, 'Deposit', '', 'Approved', '2025-06-06 02:41:48'),
(105, 11, 105.00, 'Deposit', '', 'Approved', '2025-06-06 02:42:52'),
(106, 11, 100000.00, 'Deposit', '', 'Approved', '2025-06-06 02:59:52'),
(107, 11, 100000.00, 'Deposit', '', 'Approved', '2025-06-08 06:46:54');

-- --------------------------------------------------------

--
-- Table structure for table `services`
--

CREATE TABLE `services` (
  `id` int(11) NOT NULL,
  `name` varchar(255) NOT NULL,
  `type` varchar(100) NOT NULL,
  `created_at` timestamp NOT NULL DEFAULT current_timestamp()
) ENGINE=InnoDB DEFAULT CHARSET=utf8mb4 COLLATE=utf8mb4_general_ci;

--
-- Dumping data for table `services`
--

INSERT INTO `services` (`id`, `name`, `type`, `created_at`) VALUES
(2, 'Life Insurance', 'Product', '2024-12-09 07:56:39'),
(3, 'Rice', 'Product', '2024-12-09 07:56:49'),
(4, 'Space for Rent', 'Product', '2024-12-09 07:57:04'),
(5, 'Medical Consultation', 'Medical', '2024-12-09 07:57:18'),
(6, 'Laboratory', 'Medical', '2024-12-09 07:57:30'),
(7, 'X-RAY', 'Medical', '2024-12-09 07:57:39'),
(8, 'Hilot Healom', 'Medical', '2024-12-09 07:57:50'),
(9, 'Health Card', 'Medical', '2024-12-09 07:58:00'),
(10, 'Regular Loan', 'Loan', '2024-12-09 07:58:11'),
(11, 'Collateral Loan', 'Loan', '2024-12-09 07:58:23'),
(13, 'Membership Payment', 'Membership Payment', '2024-12-10 10:38:54'),
(14, 'Savings Deposit', 'Members Savings', '2024-12-22 19:57:35'),
(15, 'Share Capital Deposit', 'Members Share Capital', '2024-12-22 19:57:53'),
(16, 'Regular Loan Payment', 'Loan', '2024-12-29 09:58:33'),
(17, 'Collateral Loan Payment', 'Loan', '2024-12-29 09:58:46'),
(20, 'Loan Payment', 'Loan', '2025-01-11 05:20:48'),
(21, 'Savings Withdrawal', 'Members Savings', '2025-06-05 14:23:09'),
(22, 'Share Capital Withdrawal', 'Members Share Capital', '2025-06-05 14:23:50');

-- --------------------------------------------------------

--
-- Table structure for table `share_capital`
--

CREATE TABLE `share_capital` (
  `ShareCapitalID` int(11) NOT NULL,
  `MemberID` varchar(255) NOT NULL,
  `Amount` decimal(10,2) NOT NULL,
  `Type` enum('Deposit','Withdrawal') NOT NULL,
  `Notes` text DEFAULT NULL,
  `Status` enum('In Progress','Approved','Disapproved') DEFAULT 'In Progress',
  `TransactionDate` timestamp NOT NULL DEFAULT current_timestamp()
) ENGINE=InnoDB DEFAULT CHARSET=utf8mb4 COLLATE=utf8mb4_general_ci;

--
-- Dumping data for table `share_capital`
--

INSERT INTO `share_capital` (`ShareCapitalID`, `MemberID`, `Amount`, `Type`, `Notes`, `Status`, `TransactionDate`) VALUES
(23, '8', 5000.00, '', 'deposit share capital', 'Approved', '2024-12-29 09:02:52'),
(24, '8', 5000.00, '', 'deposit share capital', 'In Progress', '2024-12-29 09:08:09'),
(25, '10', 5000.00, '', 'deposit share capital', 'Approved', '2024-12-29 13:44:28'),
(26, '12', 20000.00, '', '', 'Approved', '2025-01-12 08:41:37'),
(27, '11', 12000.00, '', '', 'Approved', '2025-02-10 12:52:54'),
(28, '13', 10000.00, '', '', 'In Progress', '2025-05-02 07:32:08'),
(29, '11', 10000.00, '', '', 'Approved', '2025-06-06 00:13:39'),
(30, '11', 10000.00, 'Deposit', '', 'Approved', '2025-06-06 03:32:41'),
(35, '11', 500.00, 'Deposit', '', 'Approved', '2025-06-06 04:39:16'),
(36, '11', 40000.00, 'Deposit', '', 'Approved', '2025-06-06 04:43:33'),
(37, '13', 500.00, 'Deposit', '', 'Approved', '2025-06-06 04:56:12'),
(38, '13', 500.00, 'Deposit', '', 'Approved', '2025-06-06 04:56:47'),
(39, '13', 500.00, 'Deposit', '', 'Approved', '2025-06-06 04:56:59'),
(40, '13', 500.00, 'Deposit', '', 'Approved', '2025-06-06 04:58:17'),
(41, '11', 50000.00, 'Deposit', '', 'Approved', '2025-06-06 04:58:50'),
(42, '15', 5000.00, 'Deposit', 'For regular', 'Approved', '2025-06-07 06:57:28'),
(43, '15', 1000.00, 'Deposit', '', 'Approved', '2025-06-07 06:59:46');

-- --------------------------------------------------------

--
-- Table structure for table `transactions`
--

CREATE TABLE `transactions` (
  `transaction_id` int(11) NOT NULL,
  `SavingsID` int(11) DEFAULT NULL,
  `ShareCapitalID` int(11) DEFAULT NULL,
  `user_id` int(11) NOT NULL,
  `service_name` varchar(255) NOT NULL,
  `amount` decimal(10,2) NOT NULL DEFAULT 0.00,
  `control_number` varchar(20) NOT NULL,
  `signature` varchar(255) NOT NULL,
  `payment_status` enum('In Progress','Completed') NOT NULL DEFAULT 'In Progress',
  `created_at` timestamp NOT NULL DEFAULT current_timestamp(),
  `updated_at` timestamp NOT NULL DEFAULT current_timestamp() ON UPDATE current_timestamp()
) ENGINE=InnoDB DEFAULT CHARSET=utf8mb4 COLLATE=utf8mb4_general_ci;

--
-- Dumping data for table `transactions`
--

INSERT INTO `transactions` (`transaction_id`, `SavingsID`, `ShareCapitalID`, `user_id`, `service_name`, `amount`, `control_number`, `signature`, `payment_status`, `created_at`, `updated_at`) VALUES
(62, NULL, NULL, 8, 'Membership Payment', 6750.00, '00001', '', 'Completed', '2024-12-29 08:59:32', '2024-12-29 08:59:32'),
(64, NULL, NULL, 8, 'Share Capital Deposit', 5000.00, '00003', 'Admin', 'Completed', '2024-12-29 09:02:52', '2024-12-29 09:02:52'),
(65, NULL, NULL, 8, 'Rice', 1000.00, '00004', '', 'Completed', '2024-12-29 09:03:40', '2024-12-29 09:09:04'),
(69, NULL, NULL, 9, 'Membership Payment', 2750.00, '00007', '', 'Completed', '2024-12-29 12:07:45', '2024-12-29 12:07:45'),
(70, NULL, NULL, 10, 'Membership Payment', 6750.00, '00008', '', 'Completed', '2024-12-29 13:42:45', '2024-12-29 13:42:45'),
(72, NULL, NULL, 10, 'Share Capital Deposit', 5000.00, '00010', 'Admin', 'Completed', '2024-12-29 13:44:28', '2024-12-29 13:44:28'),
(73, NULL, NULL, 11, 'Membership Payment', 6750.00, '00011', '', 'Completed', '2025-01-11 01:47:20', '2025-01-11 01:47:20'),
(74, NULL, NULL, 11, 'Laboratory', 400.00, '123456789', '', 'Completed', '2025-01-11 01:48:19', '2025-01-11 01:49:58'),
(76, NULL, NULL, 8, 'Regular Loan Payment', 2184.00, '123456791', '', 'In Progress', '2025-01-11 16:47:12', '2025-01-11 16:47:12'),
(77, NULL, NULL, 12, 'Membership Payment', 6750.00, '123456792', '', 'Completed', '2025-01-12 08:33:32', '2025-01-12 08:33:32'),
(78, NULL, NULL, 12, 'Laboratory', 400.00, '1450', '', 'Completed', '2025-01-12 08:36:34', '2025-01-12 08:38:02'),
(79, NULL, NULL, 12, 'Share Capital Deposit', 20000.00, '00123456793', 'Admin', 'Completed', '2025-01-12 08:42:51', '2025-01-12 08:42:51'),
(80, NULL, NULL, 8, 'Regular Loan Payment', 2184.00, '123456794', '', 'Completed', '2025-01-12 08:52:21', '2025-01-12 08:52:43'),
(83, NULL, NULL, 11, 'Share Capital Deposit', 12000.00, '00123456797', 'Admin', 'Completed', '2025-02-10 12:53:18', '2025-02-10 12:53:18'),
(110, NULL, NULL, 11, 'Collateral Loan Payment', 5700.00, '123456798', '', 'Completed', '2025-03-29 11:01:16', '2025-03-29 11:01:24'),
(111, NULL, NULL, 11, 'Collateral Loan Payment', 5700.00, '123456799', '', 'Completed', '2025-03-29 11:01:59', '2025-03-29 11:02:05'),
(112, NULL, NULL, 11, 'Collateral Loan Payment', 5700.00, '123456800', '', 'Completed', '2025-03-29 11:18:39', '2025-03-29 11:18:44'),
(113, NULL, NULL, 11, 'Collateral Loan Payment', 5700.00, '123456801', '', 'Completed', '2025-03-29 12:48:55', '2025-03-29 12:49:03'),
(114, NULL, NULL, 11, 'Collateral Loan Payment', 5700.00, '123456802', '', 'Completed', '2025-03-29 13:01:54', '2025-03-29 13:10:50'),
(115, NULL, NULL, 11, 'Collateral Loan Payment', 5700.00, '123456803', '', 'Completed', '2025-03-29 13:09:16', '2025-03-29 13:10:45'),
(116, NULL, NULL, 11, 'Collateral Loan Payment', 5700.00, '123456804', '', 'Completed', '2025-03-29 13:12:03', '2025-03-29 13:12:11'),
(117, NULL, NULL, 11, 'Collateral Loan Payment', 5700.00, '123456805', '', 'Completed', '2025-03-29 13:20:10', '2025-03-29 13:20:16'),
(118, NULL, NULL, 11, 'Collateral Loan Payment', 5700.00, '123456806', '', 'Completed', '2025-03-29 13:59:01', '2025-03-29 13:59:07'),
(119, NULL, NULL, 11, 'Regular Loan Payment', 1033.00, '123456807', '', 'In Progress', '2025-04-04 15:15:46', '2025-04-04 15:15:46'),
(120, NULL, NULL, 11, 'Regular Loan Payment', 1033.00, '123456808', '', 'Completed', '2025-04-04 16:03:24', '2025-04-04 16:05:21'),
(121, NULL, NULL, 11, 'Regular Loan Payment', 1033.00, '123456809', '', 'Completed', '2025-04-04 16:19:47', '2025-04-04 16:35:17'),
(122, NULL, NULL, 11, 'Regular Loan Payment', 1033.00, '123456810', '', 'Completed', '2025-04-04 16:38:59', '2025-04-04 16:39:08'),
(123, NULL, NULL, 11, 'Regular Loan Payment', 1033.00, '123456811', '', 'Completed', '2025-04-04 16:57:32', '2025-04-04 16:57:39'),
(124, NULL, NULL, 11, 'Regular Loan Payment', 1033.00, '123456812', '', 'Completed', '2025-04-04 16:58:14', '2025-04-04 17:43:41'),
(125, NULL, NULL, 11, 'Rice', 0.00, '', '', 'In Progress', '2025-04-28 13:14:45', '2025-04-28 13:14:45'),
(126, NULL, NULL, 11, 'X-RAY', 0.00, '', '', 'In Progress', '2025-04-28 13:51:23', '2025-04-28 13:51:23'),
(127, NULL, NULL, 11, 'Space for Rent', 0.00, '', '', 'In Progress', '2025-04-28 14:05:03', '2025-04-28 14:05:03'),
(128, NULL, NULL, 12, 'Membership Payment', 6750.00, '123456813', '', 'Completed', '2025-04-28 17:05:34', '2025-04-28 17:05:34'),
(129, NULL, NULL, 12, 'Membership Payment', 6750.00, '123456814', '', 'Completed', '2025-04-28 17:08:17', '2025-04-28 17:08:17'),
(130, NULL, NULL, 10, 'Membership Payment', 6750.00, '123456815', '', 'Completed', '2025-04-28 17:08:33', '2025-04-28 17:08:33'),
(131, NULL, NULL, 10, 'Membership Payment', 6750.00, '123456816', '', 'Completed', '2025-04-28 17:08:58', '2025-04-28 17:08:58'),
(132, NULL, NULL, 10, 'Membership Payment', 6750.00, '123456816', '', 'Completed', '2025-04-28 17:09:03', '2025-04-28 17:09:03'),
(133, NULL, NULL, 12, 'Membership Payment', 6750.00, '123456817', '', 'Completed', '2025-04-28 17:12:47', '2025-04-28 17:12:47'),
(134, NULL, NULL, 8, 'Membership Payment', 6750.00, '123456818', '', 'Completed', '2025-04-30 07:46:51', '2025-04-30 07:46:51'),
(135, NULL, NULL, 12, 'Membership Payment', 6750.00, '123456819', '', 'Completed', '2025-04-30 08:17:10', '2025-04-30 08:17:10'),
(136, NULL, NULL, 12, 'Membership Payment', 6750.00, '123456820', '', 'Completed', '2025-04-30 08:32:54', '2025-04-30 08:32:54'),
(137, NULL, NULL, 11, 'Life Insurance', 2000.00, '123456821', '', 'Completed', '2025-05-02 05:49:08', '2025-05-02 05:49:30'),
(140, NULL, NULL, 13, 'Membership Payment', 6750.00, '123456822', '', 'Completed', '2025-05-02 06:14:31', '2025-05-02 07:28:09'),
(141, NULL, NULL, 11, 'Hilot Healom', 0.00, '123456823', '', 'Completed', '2025-05-02 06:18:45', '2025-05-02 06:38:55'),
(142, NULL, NULL, 11, 'Space for Rent', 4500.00, '123456824', '', 'Completed', '2025-05-02 06:23:15', '2025-05-02 06:27:06'),
(143, NULL, NULL, 11, 'Regular Loan Payment', 1033.00, '123456825', '', 'Completed', '2025-05-02 06:24:34', '2025-05-02 06:25:48'),
(144, NULL, NULL, 11, 'Rice', 500.00, '123456826', '', 'Completed', '2025-05-02 06:33:38', '2025-05-02 06:33:47'),
(148, NULL, NULL, 11, 'Savings Withdrawal', 12000.00, '123456830', '', 'Completed', '2025-06-05 15:11:42', '2025-06-05 15:12:17'),
(149, NULL, NULL, 11, 'Savings Withdrawal', 10000.00, '123456831', '', 'Completed', '2025-06-05 15:20:37', '2025-06-05 15:31:03'),
(156, 72, NULL, 11, 'Savings Withdrawal', 1000.00, '123456833', '', 'Completed', '2025-06-06 00:02:15', '2025-06-06 00:02:23'),
(157, NULL, NULL, 11, 'Share Capital Deposit', 10000.00, '123456834', 'Admin', 'Completed', '2025-06-06 00:13:39', '2025-06-06 00:13:39'),
(160, NULL, NULL, 11, 'Savings Withdrawal', 5000.00, '123456836', 'Admin', 'Completed', '2025-06-06 00:22:51', '2025-06-06 00:22:51'),
(165, 80, NULL, 11, 'Savings Withdrawal', 20000.00, '123456841', '', 'Completed', '2025-06-06 00:43:18', '2025-06-06 00:51:08'),
(167, 81, NULL, 11, 'Savings Withdrawal', 7000.00, '123456842', '', 'Completed', '2025-06-06 00:52:11', '2025-06-06 00:52:46'),
(170, 84, NULL, 11, 'Savings Deposit', 20000.00, '123456843', '', 'Completed', '2025-06-06 00:58:32', '2025-06-06 00:58:46'),
(171, 85, NULL, 11, 'Savings Deposit', 20000.00, '123456844', '', 'Completed', '2025-06-06 00:59:31', '2025-06-06 00:59:38'),
(172, 86, NULL, 11, 'Savings Deposit', 10000.00, '123456845', '', 'Completed', '2025-06-06 01:03:29', '2025-06-06 01:03:35'),
(173, 87, NULL, 11, 'Savings Withdrawal', 40000.00, '123456846', '', 'Completed', '2025-06-06 01:04:11', '2025-06-06 01:04:16'),
(174, 88, NULL, 11, 'Savings Deposit', 50000.00, '123456847', 'Admin', 'Completed', '2025-06-06 01:07:00', '2025-06-06 02:30:08'),
(175, 89, NULL, 11, 'Savings Withdrawal', 50000.00, '123456848', 'Admin', 'Completed', '2025-06-06 01:08:07', '2025-06-06 02:30:11'),
(176, 90, NULL, 11, 'Savings Deposit', 5000.00, '123456849', 'Admin', 'Completed', '2025-06-06 01:16:33', '2025-06-06 02:30:14'),
(177, 91, NULL, 11, 'Savings Deposit', 1000.00, '123456850', 'Admin', 'Completed', '2025-06-06 01:19:36', '2025-06-06 02:30:18'),
(178, 92, NULL, 11, 'Savings Deposit', 500.00, '123456851', 'Admin', 'Completed', '2025-06-06 01:28:00', '2025-06-06 02:30:21'),
(179, 93, NULL, 11, 'Savings Deposit', 500.00, '123456852', 'Admin', 'Completed', '2025-06-06 01:28:16', '2025-06-06 02:30:24'),
(180, 94, NULL, 13, 'Savings Deposit', 20000.00, '123456853', 'Admin', 'Completed', '2025-06-06 01:33:40', '2025-06-06 02:30:28'),
(181, 95, NULL, 13, 'Savings Deposit', 12345.00, '123456854', 'Admin', 'Completed', '2025-06-06 01:34:21', '2025-06-06 02:30:32'),
(182, 96, NULL, 13, 'Savings Deposit', 1000.00, '123456855', 'Admin', 'Completed', '2025-06-06 02:15:06', '2025-06-06 02:30:37'),
(183, 97, NULL, 13, 'Savings Deposit', 100.00, '123456856', 'Admin', 'Completed', '2025-06-06 02:18:33', '2025-06-06 02:30:40'),
(184, 98, NULL, 8, 'Savings Deposit', 100.00, '123456857', 'Admin', 'Completed', '2025-06-06 02:27:32', '2025-06-06 02:27:32'),
(185, 99, NULL, 11, 'Savings Deposit', 1000.00, '123456858', 'Admin', 'Completed', '2025-06-06 02:28:13', '2025-06-06 02:28:13'),
(186, 100, NULL, 11, 'Savings Withdrawal', 5000.00, '123456859', 'Admin', 'Completed', '2025-06-06 02:28:40', '2025-06-06 02:28:40'),
(187, 101, NULL, 11, 'Savings Deposit', 10000.00, '123456860', 'Admin', 'Completed', '2025-06-06 02:32:11', '2025-06-06 02:32:11'),
(188, 102, NULL, 11, 'Savings Deposit', 5000.00, '123456861', 'John', 'Completed', '2025-06-06 02:36:12', '2025-06-06 02:36:12'),
(189, 103, NULL, 11, 'Savings Deposit', 5000.00, '', '', 'Completed', '2025-06-06 02:39:44', '2025-06-06 02:39:44'),
(190, 104, NULL, 11, 'Savings Deposit', 100.00, '', '', 'Completed', '2025-06-06 02:41:48', '2025-06-06 02:41:48'),
(191, 105, NULL, 11, 'Savings Deposit', 105.00, '123456862', 'M.J.', 'Completed', '2025-06-06 02:42:59', '2025-06-06 02:57:58'),
(192, 106, NULL, 11, 'Savings Deposit', 100000.00, '123456863', 'M.J.', 'Completed', '2025-06-06 02:59:52', '2025-06-06 02:59:52'),
(193, NULL, 30, 11, 'Share Capital Deposit', 10000.00, '123456864', 'M.J.', 'Completed', '2025-06-06 03:48:01', '2025-06-06 03:50:36'),
(194, NULL, 35, 11, 'Share Capital Deposit', 500.00, '123456865', 'M.J.', 'Completed', '2025-06-06 04:39:23', '2025-06-06 04:39:31'),
(195, NULL, 36, 11, 'Share Capital Deposit', 40000.00, '123456866', 'M.J.', 'Completed', '2025-06-06 04:43:46', '2025-06-06 04:43:54'),
(196, NULL, 37, 13, 'Share Capital Deposit', 500.00, '123456867', 'M.J.', 'Completed', '2025-06-06 04:56:12', '2025-06-06 04:56:12'),
(197, NULL, 38, 13, 'Share Capital Deposit', 500.00, '123456868', 'M.J.', 'Completed', '2025-06-06 04:56:47', '2025-06-06 04:56:47'),
(198, NULL, 39, 13, 'Share Capital Deposit', 500.00, '123456869', 'M.J.', 'Completed', '2025-06-06 04:56:59', '2025-06-06 04:56:59'),
(199, NULL, 40, 13, 'Share Capital Deposit', 500.00, '123456870', 'M.J.', 'Completed', '2025-06-06 04:58:17', '2025-06-06 04:58:17'),
(200, NULL, 41, 11, 'Share Capital Deposit', 50000.00, '123456871', 'M.J.', 'Completed', '2025-06-06 04:58:50', '2025-06-06 04:58:50'),
(201, NULL, NULL, 15, 'Membership Payment', 0.00, '123456872', '', 'In Progress', '2025-06-07 06:39:01', '2025-06-07 06:39:01'),
(202, NULL, NULL, 15, 'Membership Payment', 5750.00, '123456873', '', 'Completed', '2025-06-07 06:51:38', '2025-06-07 06:51:49'),
(203, NULL, 42, 15, 'Share Capital Deposit', 5000.00, '123456874', 'M.J.', 'Completed', '2025-06-07 06:57:28', '2025-06-07 06:57:28'),
(204, NULL, 43, 15, 'Share Capital Deposit', 1000.00, '123456875', 'M.J.', 'Completed', '2025-06-07 06:59:46', '2025-06-07 06:59:46'),
(205, 107, NULL, 11, 'Savings Deposit', 100000.00, '123456876', 'M.J.', 'Completed', '2025-06-08 06:46:54', '2025-06-08 06:46:54');

-- --------------------------------------------------------

--
-- Table structure for table `users`
--

CREATE TABLE `users` (
  `id` int(11) NOT NULL,
  `user_id` varchar(255) NOT NULL,
  `first_name` varchar(255) NOT NULL,
  `last_name` varchar(255) NOT NULL,
  `middle_name` varchar(255) DEFAULT NULL,
  `gender` enum('male','female','other') DEFAULT NULL,
  `birthday` date DEFAULT NULL,
  `age` int(3) DEFAULT NULL,
  `street` varchar(255) DEFAULT NULL,
  `barangay` varchar(255) DEFAULT NULL,
  `municipality` varchar(255) DEFAULT NULL,
  `province` varchar(255) DEFAULT NULL,
  `tin_number` varchar(50) DEFAULT NULL,
  `tin_id_image` varchar(255) DEFAULT NULL,
  `certificate_no` varchar(50) DEFAULT NULL,
  `username` varchar(255) NOT NULL,
  `email` varchar(255) NOT NULL,
  `mobile` varchar(20) DEFAULT NULL,
  `password` varchar(255) NOT NULL,
  `user_type` enum('Admin','Member','Loan Officer','Membership Officer','Liaison Officer','Medical Officer') NOT NULL,
  `membership_type` varchar(50) DEFAULT NULL,
  `savings` decimal(10,2) DEFAULT 0.00,
  `share_capital` decimal(10,2) DEFAULT 0.00,
  `membership_status` enum('Pending','Active') DEFAULT 'Pending',
  `uploadID` varchar(255) DEFAULT NULL,
  `description` text DEFAULT NULL,
  `status` tinyint(4) DEFAULT 0,
  `created_at` timestamp NOT NULL DEFAULT current_timestamp(),
  `is_logged_in` tinyint(1) DEFAULT 0,
  `is_logged_in_time` datetime DEFAULT NULL,
  `remember_token` varchar(255) DEFAULT NULL,
  `reset_token` varchar(255) DEFAULT NULL,
  `reset_token_expiry` datetime DEFAULT NULL,
  `terms_accepted` enum('agree','disagree') NOT NULL DEFAULT 'disagree',
  `updated_at` timestamp NULL DEFAULT current_timestamp() ON UPDATE current_timestamp(),
  `last_activity` timestamp NOT NULL DEFAULT current_timestamp()
) ENGINE=InnoDB DEFAULT CHARSET=utf8mb4 COLLATE=utf8mb4_general_ci;

--
-- Dumping data for table `users`
--

INSERT INTO `users` (`id`, `user_id`, `first_name`, `last_name`, `middle_name`, `gender`, `birthday`, `age`, `street`, `barangay`, `municipality`, `province`, `tin_number`, `tin_id_image`, `certificate_no`, `username`, `email`, `mobile`, `password`, `user_type`, `membership_type`, `savings`, `share_capital`, `membership_status`, `uploadID`, `description`, `status`, `created_at`, `is_logged_in`, `is_logged_in_time`, `remember_token`, `reset_token`, `reset_token_expiry`, `terms_accepted`, `updated_at`, `last_activity`) VALUES
(1, '1', 'Mr.', 'John', 'M', 'male', '1990-01-01', 34, '123 Main St', 'Downtown', 'Sample City', 'Albay', '123456789', NULL, NULL, 'johndoe', 'administrator@gmail.com', '09123456780', '$2y$10$.L.nFuKHxsLSFQQ.uCwbMODdzD8aGXsGPKkc.F/79XjU.IGwNX2aK', 'Admin', NULL, 0.00, 0.00, 'Pending', '6755b3739c948_6ae228e6-1317-4cde-a891-850a67ff6315.jfif', NULL, 1, '2024-12-06 16:48:06', 1, '2025-06-08 14:46:22', '2fa51d112ed3c4246d0ff644f9b210a6387ea7fcc3d07a875e2e468089f2ee75', NULL, NULL, 'agree', '2025-06-08 06:46:22', '2024-12-06 16:48:06'),
(4, '4', 'Mr.', 'Medical', 'M', 'male', '1990-01-01', 34, '123 Main St', 'Downtown', 'Taguig City', 'Albay', '123456789', NULL, NULL, '', 'medical@gmail.com', '09123456789', '$2y$10$dwrITXzFbN3.fl8NZ7uE/.US/0DAYoNrmEZKNLwwCibem8LYQKPNG', 'Medical Officer', NULL, 0.00, 0.00, 'Pending', '67697267cfed7_face11.jpg', NULL, 1, '2024-12-06 08:48:06', 0, '2024-12-28 02:50:35', '', NULL, NULL, 'agree', '2024-12-27 18:52:07', '2024-12-06 08:48:06'),
(5, '5', 'Mr.', 'Loan Officer', NULL, 'male', '1985-07-15', 39, '456 Elm St', 'Central', 'Quezon City', 'Metro Manila', '987654321', NULL, NULL, 'loansmith', 'loanofficer@gmail.com', '09171234567', '$2y$10$4W2n.FuAwqE4WkGrbY32CevRGvXJ4CIPkLtb5E5I.d6QcmItktypO', 'Loan Officer', NULL, 0.00, 0.00, 'Pending', '67714399bc7d7_face17.jpg', NULL, 1, '2024-12-23 00:48:06', 0, '2025-04-28 20:53:34', NULL, NULL, NULL, 'agree', '2025-04-28 12:55:17', '2024-12-23 00:48:06'),
(6, '6', 'Mr.', 'Liaison Officer', NULL, 'female', '1992-03-22', 32, '789 Pine St', 'North', 'Pasig City', 'Metro Manila', '123321123', NULL, NULL, 'liaisonjane', 'liaisonofficer@gmail.com', '09181234567', '$2y$10$xHicVsMYTol82f2ZqOzqReUgiOK22jC1k879gJpAiwv4u81DSFLkG', 'Liaison Officer', NULL, 0.00, 0.00, 'Pending', '6769929732b2b_face28.jpg', NULL, 1, '2024-12-23 00:48:06', 0, '2025-05-08 10:15:16', '7b49fe0eef9ab1dbbf1aea52ea20f288a7120b8f8138dc64cc4b9c752a662c7e', NULL, NULL, 'agree', '2025-05-08 02:15:58', '2024-12-23 00:48:06'),
(7, '7', 'Mr.', 'Membership', 'M', 'male', '1991-10-01', 34, '123 Main St', 'Downtown', 'Manila City', 'Albay', '123456789', NULL, NULL, '', 'membership@gmail.com', '09123456781', '$2y$10$F69ibjXTZ811ZHPKYIpc/eGs2BbScOzY7/3wZqQYRwxKO57ilYMP.', 'Membership Officer', NULL, 0.00, 0.00, 'Pending', '67714474e07d3_face19.jpg', NULL, 1, '2024-12-06 00:48:06', 0, '2025-04-28 20:48:25', '', NULL, NULL, 'agree', '2025-04-28 12:53:15', '2024-12-06 00:48:06'),
(11, '8', 'John', 'Doe', 'S.', 'male', '1995-08-10', 29, 'Balete', 'Binitayan', 'Daraga', 'Albay', '123456789', '1735462306_tin.jpg', '5644', '', 'chrisdoe@gmail.com', '09121038324', '$2y$10$VtmKMhi93xb6SIpqcHqENOjH5NQ6vePOR5lWLBLkZez4FB7Kfw6nS', 'Member', 'Regular', 100.00, 0.00, 'Active', '677139b632b8e_face5.jpg', NULL, 0, '2024-12-29 08:51:46', 0, '2025-04-07 15:11:06', '2c961c1d45cae6bb514eb90aa2e5e30bd20830d8caa64d4dcde55efd99f2ac99', NULL, NULL, 'disagree', '2025-06-06 02:27:32', '2024-12-29 08:51:46'),
(12, '9', 'Jigs', 'Medina', 'S.', 'male', '1995-08-09', 29, 'Balete', 'Binitayan', 'Daraga', 'Albay', '12345688', '1735473875_output-onlinepngtools.png', '4569', '', 'jigsmedina1999@gmail.com', '09810265333', '$2y$10$lBC6G13/.mWFVk.7NAkSTO8eyS7j06LER0EkEx98MnL02yBbe4Yz2', 'Member', 'Associate', 0.00, 0.00, 'Active', NULL, NULL, 0, '2024-12-29 12:04:35', 0, '2024-12-29 20:08:04', NULL, NULL, NULL, 'disagree', '2024-12-29 12:24:26', '2024-12-29 12:04:35'),
(13, '10', 'Mitch', 'Collins', 'S.', 'female', '1995-08-10', 29, 'Balete', 'Binitayan', 'Daraga', 'Albay', '54544545', '1735479642_banner_7.jpg', '8595', '', 'mitchcollins@gmail.com', '09810265333', '$2y$10$4Gw25ufTUqg3pGZXwf6I5eWG4K1pRcO0JU6dH/uI5gtcXl6OfmQue', 'Member', 'Regular', 0.00, 0.00, 'Active', NULL, NULL, 0, '2024-12-29 13:40:42', 0, '2024-12-29 22:30:31', NULL, NULL, NULL, 'disagree', '2025-04-28 17:08:58', '2024-12-29 13:40:42'),
(14, '11', 'Rick Paolo', 'Camba', 'Pampuan', 'male', '2003-03-09', 21, 'Kaliraya', 'Manunggal', 'Tatalon', 'Quezon City', '988877777', '1736559766_20240618_130048258_iOS.jpg', '1112', '', 'rickpaolocamba@gmail.com', '09466446039', '$2y$10$tWOg9ETCluUk1M5dbxKH1ervAey7Yx5ejahrEdwa.v4gHP9JOBKwa', 'Member', 'Regular', 233205.00, 122500.00, 'Active', '67f38e17283ad_formal.jpg', NULL, 0, '2025-01-11 01:42:47', 1, '2025-06-08 14:44:44', NULL, NULL, NULL, 'disagree', '2025-06-08 06:46:54', '2025-01-11 01:42:47'),
(15, '12', 'Benjamin', 'Bernardo', 'Manebo', 'male', '2002-09-15', 0, 'aafafaa', 'Pasig', 'Manila', 'afafaaa', '676767678', '1736670487_car.jpg', '1234', '', 'benjaminjarom@gmail.com', '09092341234', '$2y$10$vYYhU6bnqcG0V5tpERqgveqM30iwJsVAias6H15h8yrRVf/MurR0e', 'Member', 'Associate', 0.00, 0.00, 'Active', NULL, NULL, 0, '2025-01-12 08:28:07', 1, '2025-01-12 17:06:08', NULL, NULL, NULL, 'disagree', '2025-04-30 08:32:54', '2025-01-12 08:28:07'),
(16, '13', 'Jan', 'Carlos', 'Calimlim', 'male', '2003-07-16', 21, 'Kaliraya', 'Man', 'Qeaa', 'Metro Manila', '12121212121', '1745845745_Screenshot 2025-04-22 222510.png', '6336', '', 'Rickcamba2003@gmail.com', '09466446039', '$2y$10$uTmGHQK/PWprJqSV3EP8oeRtpMRtZe12Ph28Da0KhAMQsQbahOK5e', 'Member', 'Regular', 33445.00, 2000.00, 'Active', NULL, NULL, 0, '2025-04-28 13:09:05', 0, '2025-05-07 23:32:46', NULL, NULL, NULL, 'disagree', '2025-06-06 04:58:17', '2025-04-28 13:09:05'),
(17, '14', 'James', 'Bond', 'Vaga', 'male', '2006-10-17', 18, '1', '2', '3', '4', '1234121113', '1749188451_homepage-concept-with-search-bar (4).jpg', NULL, '', 'camba.estembee21@gmail.com', '09466446039', '$2y$10$8sUllmfQoBDKQuuf250jWeTrL.NeBx4an39QobJtmsWIVvpJ8u5RK', 'Member', 'Regular', 0.00, 0.00, 'Pending', NULL, NULL, 0, '2025-06-06 05:40:51', 0, NULL, NULL, NULL, NULL, 'disagree', '2025-06-06 05:47:02', '2025-06-06 05:40:51'),
(21, '15', 'Rick Paolo', 'Camba', 'Vaga', 'male', '2003-03-09', 22, 'a', 'a', 'a', 'a', '000000000', '1749279031_people-working-laptop-meeting.jpg', '9592', '', 'rickrickrick@gmail.com', '09466446000', '$2y$10$LXIebxWXKxsCaGofOKTbnOaKp/yLO885CDtLSavgymGvlCF53gfGO', 'Member', 'Associate', 1000.00, 6000.00, 'Active', NULL, NULL, 0, '2025-06-07 06:50:31', 1, '2025-06-07 14:52:33', NULL, NULL, NULL, 'disagree', '2025-06-07 06:59:46', '2025-06-07 06:50:31');

-- --------------------------------------------------------

--
-- Table structure for table `zonal_values`
--

CREATE TABLE `zonal_values` (
  `id` int(11) NOT NULL,
  `location_name` varchar(255) NOT NULL,
  `type_of_land` enum('Residential','Commercial','Agricultural','Industrial') NOT NULL,
  `final_zonal_value` decimal(10,2) NOT NULL
) ENGINE=InnoDB DEFAULT CHARSET=utf8mb4 COLLATE=utf8mb4_general_ci;

--
-- Dumping data for table `zonal_values`
--

INSERT INTO `zonal_values` (`id`, `location_name`, `type_of_land`, `final_zonal_value`) VALUES
(1, 'Bagbaguin', 'Residential', 2000.00),
(2, 'Bagbaguin', 'Commercial', 4000.00),
(3, 'Bagbaguin', 'Agricultural', 1100.00),
(4, 'Bagbaguin', 'Industrial', 3800.00),
(5, 'Bagong Barrio', 'Residential', 2000.00),
(6, 'Bagong Barrio', 'Commercial', 4000.00),
(7, 'Bagong Barrio', 'Agricultural', 1200.00),
(8, 'Bagong Barrio', 'Industrial', 3800.00),
(9, 'Baka-Bakahan', 'Residential', 2000.00),
(10, 'Baka-Bakahan', 'Commercial', 4000.00),
(11, 'Baka-Bakahan', 'Agricultural', 1100.00),
(12, 'Baka-Bakahan', 'Industrial', 3800.00),
(13, 'Bunsuran I', 'Residential', 2500.00),
(14, 'Bunsuran I', 'Commercial', 5000.00),
(15, 'Bunsuran I', 'Agricultural', 1200.00),
(16, 'Bunsuran I', 'Industrial', 4800.00),
(17, 'Bunsuran II', 'Residential', 2500.00),
(18, 'Bunsuran II', 'Commercial', 5000.00),
(19, 'Bunsuran II', 'Agricultural', 1000.00),
(20, 'Bunsuran II', 'Industrial', 4800.00),
(21, 'Bunsuran III', 'Residential', 2500.00),
(22, 'Bunsuran III', 'Commercial', 5000.00),
(23, 'Bunsuran III', 'Agricultural', 1000.00),
(24, 'Bunsuran III', 'Industrial', 4800.00),
(25, 'Cacarong Bata', 'Residential', 2000.00),
(26, 'Cacarong Bata', 'Commercial', 4000.00),
(27, 'Cacarong Bata', 'Agricultural', 1200.00),
(28, 'Cacarong Bata', 'Industrial', 3800.00),
(29, 'Cacarong Matanda', 'Residential', 2000.00),
(30, 'Cacarong Matanda', 'Commercial', 4000.00),
(31, 'Cacarong Matanda', 'Agricultural', 1200.00),
(32, 'Cacarong Matanda', 'Industrial', 3800.00),
(33, 'Cupang', 'Residential', 2000.00),
(34, 'Cupang', 'Commercial', 4000.00),
(35, 'Cupang', 'Agricultural', 1200.00),
(36, 'Cupang', 'Industrial', 3800.00),
(37, 'Malibong Bata', 'Residential', 2000.00),
(38, 'Malibong Bata', 'Commercial', 4000.00),
(39, 'Malibong Bata', 'Agricultural', 1100.00),
(40, 'Malibong Bata', 'Industrial', 3800.00),
(41, 'Malibong Matanda', 'Residential', 2000.00),
(42, 'Malibong Matanda', 'Commercial', 4000.00),
(43, 'Malibong Matanda', 'Agricultural', 1200.00),
(44, 'Malibong Matanda', 'Industrial', 3800.00),
(45, 'Manatal', 'Residential', 2000.00),
(46, 'Manatal', 'Commercial', 4000.00),
(47, 'Manatal', 'Agricultural', 1200.00),
(48, 'Manatal', 'Industrial', 3800.00),
(49, 'Mapulang Lupa', 'Residential', 2500.00),
(50, 'Mapulang Lupa', 'Commercial', 5000.00),
(51, 'Mapulang Lupa', 'Agricultural', 1000.00),
(52, 'Mapulang Lupa', 'Industrial', 4800.00),
(53, 'Masagana', 'Residential', 2000.00),
(54, 'Masagana', 'Commercial', 4000.00),
(55, 'Masagana', 'Agricultural', 1200.00),
(56, 'Masagana', 'Industrial', 3800.00),
(57, 'Masuso', 'Residential', 2500.00),
(58, 'Masuso', 'Commercial', 5000.00),
(59, 'Masuso', 'Agricultural', 800.00),
(60, 'Masuso', 'Industrial', 5000.00),
(61, 'Pinagkuartelan', 'Residential', 2500.00),
(62, 'Pinagkuartelan', 'Commercial', 5000.00),
(63, 'Pinagkuartelan', 'Agricultural', 1200.00),
(64, 'Pinagkuartelan', 'Industrial', 4800.00),
(65, 'Poblacion', 'Residential', 2500.00),
(66, 'Poblacion', 'Commercial', 5000.00),
(67, 'Poblacion', 'Agricultural', 1200.00),
(68, 'Poblacion', 'Industrial', 5000.00),
(69, 'Real De Cacarong', 'Residential', 2000.00),
(70, 'Real De Cacarong', 'Commercial', 4000.00),
(71, 'Real De Cacarong', 'Agricultural', 1200.00),
(72, 'Real De Cacarong', 'Industrial', 3800.00),
(73, 'San Roque', 'Residential', 2500.00),
(74, 'San Roque', 'Commercial', 5000.00),
(75, 'San Roque', 'Agricultural', 1200.00),
(76, 'San Roque', 'Industrial', 4800.00),
(77, 'Sto. Nio', 'Residential', 2000.00),
(78, 'Sto. Nio', 'Commercial', 4000.00),
(79, 'Sto. Nio', 'Agricultural', 1200.00),
(80, 'Sto. Nio', 'Industrial', 3800.00),
(81, 'Siling Bata', 'Residential', 2500.00),
(82, 'Siling Bata', 'Commercial', 5000.00),
(83, 'Siling Bata', 'Agricultural', 1200.00),
(84, 'Siling Bata', 'Industrial', 4800.00),
(85, 'Siling Matanda', 'Residential', 2500.00),
(86, 'Siling Matanda', 'Commercial', 5000.00),
(87, 'Siling Matanda', 'Agricultural', 1200.00),
(88, 'Siling Matanda', 'Industrial', 4800.00);

--
-- Indexes for dumped tables
--

--
-- Indexes for table `activity_logs`
--
ALTER TABLE `activity_logs`
  ADD PRIMARY KEY (`id`);

--
-- Indexes for table `announcements`
--
ALTER TABLE `announcements`
  ADD PRIMARY KEY (`id`);

--
-- Indexes for table `appointments`
--
ALTER TABLE `appointments`
  ADD PRIMARY KEY (`id`);

--
-- Indexes for table `collateral_info`
--
ALTER TABLE `collateral_info`
  ADD PRIMARY KEY (`CollateralID`),
  ADD KEY `LoanID` (`LoanID`);

--
-- Indexes for table `credit_history`
--
ALTER TABLE `credit_history`
  ADD PRIMARY KEY (`LoanID`);

--
-- Indexes for table `events`
--
ALTER TABLE `events`
  ADD PRIMARY KEY (`id`);

--
-- Indexes for table `land_appraisal`
--
ALTER TABLE `land_appraisal`
  ADD PRIMARY KEY (`LoanID`);

--
-- Indexes for table `loanapplication`
--
ALTER TABLE `loanapplication`
  ADD PRIMARY KEY (`LoanID`);

--
-- Indexes for table `loan_payments`
--
ALTER TABLE `loan_payments`
  ADD PRIMARY KEY (`payment_id`),
  ADD KEY `idx_LoanID` (`LoanID`),
  ADD KEY `idx_MemberID` (`MemberID`),
  ADD KEY `idx_payment_date` (`payment_date`),
  ADD KEY `fk_payment_transaction` (`transaction_id`),
  ADD KEY `idx_payable_date` (`payable_date`),
  ADD KEY `idx_is_late` (`is_late`);

--
-- Indexes for table `locations`
--
ALTER TABLE `locations`
  ADD PRIMARY KEY (`id`);

--
-- Indexes for table `member_applications`
--
ALTER TABLE `member_applications`
  ADD PRIMARY KEY (`id`),
  ADD KEY `user_id` (`user_id`);

--
-- Indexes for table `message`
--
ALTER TABLE `message`
  ADD PRIMARY KEY (`message_id`);

--
-- Indexes for table `messages`
--
ALTER TABLE `messages`
  ADD PRIMARY KEY (`message_id`);

--
-- Indexes for table `savings`
--
ALTER TABLE `savings`
  ADD PRIMARY KEY (`SavingsID`),
  ADD KEY `MemberID` (`MemberID`);

--
-- Indexes for table `services`
--
ALTER TABLE `services`
  ADD PRIMARY KEY (`id`);

--
-- Indexes for table `share_capital`
--
ALTER TABLE `share_capital`
  ADD PRIMARY KEY (`ShareCapitalID`),
  ADD KEY `MemberID` (`MemberID`);

--
-- Indexes for table `transactions`
--
ALTER TABLE `transactions`
  ADD PRIMARY KEY (`transaction_id`);

--
-- Indexes for table `users`
--
ALTER TABLE `users`
  ADD PRIMARY KEY (`id`),
  ADD UNIQUE KEY `user_id` (`user_id`),
  ADD UNIQUE KEY `unique_email` (`email`);

--
-- Indexes for table `zonal_values`
--
ALTER TABLE `zonal_values`
  ADD PRIMARY KEY (`id`);

--
-- AUTO_INCREMENT for dumped tables
--

--
-- AUTO_INCREMENT for table `activity_logs`
--
ALTER TABLE `activity_logs`
  MODIFY `id` int(11) NOT NULL AUTO_INCREMENT, AUTO_INCREMENT=847;

--
-- AUTO_INCREMENT for table `announcements`
--
ALTER TABLE `announcements`
  MODIFY `id` int(11) NOT NULL AUTO_INCREMENT, AUTO_INCREMENT=28;

--
-- AUTO_INCREMENT for table `appointments`
--
ALTER TABLE `appointments`
  MODIFY `id` int(11) NOT NULL AUTO_INCREMENT, AUTO_INCREMENT=223;

--
-- AUTO_INCREMENT for table `collateral_info`
--
ALTER TABLE `collateral_info`
  MODIFY `CollateralID` int(11) NOT NULL AUTO_INCREMENT, AUTO_INCREMENT=7;

--
-- AUTO_INCREMENT for table `events`
--
ALTER TABLE `events`
  MODIFY `id` int(11) NOT NULL AUTO_INCREMENT, AUTO_INCREMENT=6;

--
-- AUTO_INCREMENT for table `loanapplication`
--
ALTER TABLE `loanapplication`
  MODIFY `LoanID` int(11) NOT NULL AUTO_INCREMENT, AUTO_INCREMENT=117;

--
-- AUTO_INCREMENT for table `loan_payments`
--
ALTER TABLE `loan_payments`
  MODIFY `payment_id` int(11) NOT NULL AUTO_INCREMENT, AUTO_INCREMENT=23;

--
-- AUTO_INCREMENT for table `locations`
--
ALTER TABLE `locations`
  MODIFY `id` int(11) NOT NULL AUTO_INCREMENT, AUTO_INCREMENT=24;

--
-- AUTO_INCREMENT for table `member_applications`
--
ALTER TABLE `member_applications`
  MODIFY `id` int(11) NOT NULL AUTO_INCREMENT, AUTO_INCREMENT=17;

--
-- AUTO_INCREMENT for table `message`
--
ALTER TABLE `message`
  MODIFY `message_id` int(11) NOT NULL AUTO_INCREMENT, AUTO_INCREMENT=28;

--
-- AUTO_INCREMENT for table `messages`
--
ALTER TABLE `messages`
  MODIFY `message_id` int(11) NOT NULL AUTO_INCREMENT, AUTO_INCREMENT=32;

--
-- AUTO_INCREMENT for table `savings`
--
ALTER TABLE `savings`
  MODIFY `SavingsID` int(11) NOT NULL AUTO_INCREMENT, AUTO_INCREMENT=108;

--
-- AUTO_INCREMENT for table `services`
--
ALTER TABLE `services`
  MODIFY `id` int(11) NOT NULL AUTO_INCREMENT, AUTO_INCREMENT=23;

--
-- AUTO_INCREMENT for table `share_capital`
--
ALTER TABLE `share_capital`
  MODIFY `ShareCapitalID` int(11) NOT NULL AUTO_INCREMENT, AUTO_INCREMENT=44;

--
-- AUTO_INCREMENT for table `transactions`
--
ALTER TABLE `transactions`
  MODIFY `transaction_id` int(11) NOT NULL AUTO_INCREMENT, AUTO_INCREMENT=206;

--
-- AUTO_INCREMENT for table `users`
--
ALTER TABLE `users`
  MODIFY `id` int(11) NOT NULL AUTO_INCREMENT, AUTO_INCREMENT=22;

--
-- AUTO_INCREMENT for table `zonal_values`
--
ALTER TABLE `zonal_values`
  MODIFY `id` int(11) NOT NULL AUTO_INCREMENT, AUTO_INCREMENT=89;

--
-- Constraints for dumped tables
--

--
-- Constraints for table `loan_payments`
--
ALTER TABLE `loan_payments`
  ADD CONSTRAINT `fk_payment_transaction` FOREIGN KEY (`transaction_id`) REFERENCES `transactions` (`transaction_id`),
  ADD CONSTRAINT `loan_payments_ibfk_1` FOREIGN KEY (`LoanID`) REFERENCES `credit_history` (`LoanID`) ON DELETE CASCADE;

--
-- Constraints for table `member_applications`
--
ALTER TABLE `member_applications`
  ADD CONSTRAINT `member_applications_ibfk_1` FOREIGN KEY (`user_id`) REFERENCES `users` (`user_id`) ON DELETE CASCADE ON UPDATE CASCADE;
COMMIT;

/*!40101 SET CHARACTER_SET_CLIENT=@OLD_CHARACTER_SET_CLIENT */;
/*!40101 SET CHARACTER_SET_RESULTS=@OLD_CHARACTER_SET_RESULTS */;
/*!40101 SET COLLATION_CONNECTION=@OLD_COLLATION_CONNECTION */;
